idno,filename,type,year
dh0001,_AKIR_D_lan_Canan_Vom_Finden__Filtern_und_Auswerten_der_rele.xml,Poster,2023
dh0002,102_final-LÜSCHOW_Andreas_Automatische_Extraktion_und_semantische_Mode.xml,Vortrag,2020
dh0003,103_final-KUCZERA_Andreas_Aristoteles_multimodal___Mit_ediarum_in_den_.xml,Vortrag,2019
dh0004,104_final-KLEYMANN_Rabea_Prototypen_als_Proto_Theorie____Pl_doyer_eine.xml,Vortrag,2019
dh0005,105_final-STEYER_Timo_Abstract_Enhancement__Potentiale_der_Dhd_Konfere.xml,Poster,2020
dh0006,106_final-SEEMANN_Nina_UPB_Annotate__Ein_maßgeschneidertes_Toolkit_für.xml,Poster,2019
dh0007,107_final-HADERSBECK_Maximilian_Nachlass_Ludwig_Wittgenstein__Software.xml,Workshop,2020
dh0008,108_final-HADERSBECK_Maximilian_Spielräume_bei_der_Retroperspektivisch.xml,Vortrag,2020
dh0009,108_final-HODEL_Tobias_Automatic_Text_and_Feature_Recognition__Mit_REA.xml,Workshop,2019
dh0010,109_final-WEHRHEIM_Lino_Von_Wirtschaftsweisen_und_Topic_Models__50_Jah.xml,Vortrag,2019
dh0011,109_final-WÜBBENA_Thorsten_Intermediation_der_Forschungsinfrastruktur.xml,Poster,2020
dh0012,110_final-NICKA_Isabella_Erzählerische_Spielräume__Medienübergreifende.xml,Vortrag,2020
dh0013,111_final-DOGUNKE_Swantje_Partizipatives_Design_in_Digital_Humanities_.xml,Vortrag,2020
dh0014,111_final-STEYER_Timo_Barcamp__Digitales_Publizieren_zwischen_Experime.xml,Workshop,2019
dh0015,112_final-GEIERHOS_Michaela_Potentielle_Privatsphäreverletzungen_aufde.xml,Vortrag,2019
dh0016,113_final-MANDL_Thomas_Herausforderungen_für_die_Klassifikation_histor.xml,Poster,2019
dh0017,113_final-WEIMER_Lukas_Stilometrische_Untersuchung_von_Figurenreden_in.xml,Poster,2020
dh0018,114_final-MEYER_SICKENDIEK_Burkhard_Requirements_on_the_Punctuation_Re.xml,Poster,2020
dh0019,115_final-CALVO_TELLO_Jose_Gattungserkennung_über_500_Jahre.xml,Poster,2019
dh0020,115_final-SCHOLZ_Martin_Aufbau_und_Erfahrungen_aus_dem_Digital_Humanit.xml,Poster,2020
dh0021,116_final-KREMER_Gerhard_Maschinelles_Lernen_lernen__Ein_CRETA_Hackato.xml,Workshop,2020
dh0022,116_final-WUTTKE_Ulrike_Die_PARTHENOS_Training_Suite.xml,Poster,2019
dh0023,117_final-HODEL_Tobias_Best_practices_zur_Erkennung_alter_Drucke_und_H.xml,Vortrag,2020
dh0024,118_final-HOWANITZ_Gernot_Deep_Learning_f_r_visuelle_Medien__Annotatio.xml,Workshop,2020
dh0025,119_final-ROEDER_Torsten_Game_On_.xml,Vortrag,2020
dh0026,119_final-SCHASSAN_Torsten_Erneuerung_der_Digitalen_Editionen_an_der_H.xml,Poster,2019
dh0027,120_final-REUL_Christian_State_of_the_Art_Optical_Character_Recognitio.xml,Vortrag,2019
dh0028,121_final-KOHLE_Hubertus_Museum_Analytics__Ein_Online_Tool_zur_verglei.xml,Poster,2019
dh0029,121_final-LANDES_Lisa_Geschichte_aus_erster_Hand___Der_Aufbau_eines_na.xml,Vortrag,2020
dh0030,122_final-FRANKEN_Lina_Anwendungen_von_DH_Methoden_in_der_Erschließung.xml,Vortrag,2020
dh0031,122_final-MEYER_Nils_Sachthematische_Zugänge_im_Archivportal_D_am_Beis.xml,Poster,2019
dh0032,125_final-WEHNER_Maximilian_OCR4all___Eine_semi_automatische_Open_Sour.xml,Workshop,2020
dh0033,126_final-RÖSSEL_Julia_Auf_alles_gefasst__Metadaten_im_Virtuellen_Kupf.xml,Poster,2019
dh0034,127_final-ALBRECHT_Jens_CASOTEX___Ein_Projekt__das_sozialwissenschaftl.xml,Poster,2020
dh0035,127_final-REUL_Christian_Korrektur_von_fehlerhaften_OCR_Ergebnissen_du.xml,Poster,2019
dh0036,128_final-FREYBERG_Linda_Ikonizität_als_Erkenntnismittel___Vollständig.xml,Vortrag,2020
dh0037,129_final-HEINIG_Julia_Spielräume_des_digitalen_Publizierens_nutzen__D.xml,Poster,2020
dh0038,130_final-HALL_Mark_DH_is_the_Study_of_dead_Dudes.xml,Vortrag,2019
dh0039,130_final-KRÖBER_Cindy_BILDREPOSITORIEN_UND_FORSCHUNG_MIT_DIGITALEN_BI.xml,Vortrag,2020
dh0040,131_final-HOWANITZ_Gernot_Den_Menschen_als_Zeichen_lesen__Quantitative.xml,Vortrag,2019
dh0041,132_final-SCHMIDT_Thomas_Qualitätsstandards_und_Interdisziplinarität_i.xml,Workshop,2019
dh0042,133_final-SCHMIDT_Thomas_Eine_Basis_Architektur_für_den_Zugriff_auf_mu.xml,Poster,2019
dh0043,134_final-BRUNNER_Annelen_Das_Redewiedergabe_Korpus.xml,Vortrag,2019
dh0044,134_final-SCHMIDT_David_Integrating_user_specified_Knowledge_for_semi_.xml,Vortrag,2020
dh0045,135_final-ECKL_Markus_Der_Event_Crawl_als_Ansatz_f_r_den_Aufbau_von_We.xml,Poster,2020
dh0046,135_final-GEELHAAR_Tim_Das_Latin_Text_Archive__LTA____Digitale_Histori.xml,Poster,2019
dh0047,136_final-PAGEL_Janis_Vom_Ph_nomen_zur_Analyse___ein_CRETA_Workshop_zu.xml,Workshop,2020
dh0048,137_final-KRAFT_Anneli_Das_gute_Glas___Glasgestaltung_im_Zeitalter_der.xml,Poster,2020
dh0049,137_final-ZIMMER_Sebastian_Das_Niklas_Luhmann_Archiv___Ein_multimedial.xml,Poster,2019
dh0050,138_final-DONIG_Simon_Vom_Bild_zum_Text_und_wieder_zurück.xml,Vortrag,2019
dh0051,139_final-TU_Ngoc_Duyen_Tanja_Automatic_recognition_of_direct_speech_w.xml,Vortrag,2019
dh0052,139_final-WEICHSELBAUMER_Nikolaus_The_rapid_rise_of_Fraktur.xml,Vortrag,2020
dh0053,140_final-BERNHART_Toni__As_a_Hobby_at_First_.xml,Vortrag,2020
dh0054,141_final-FISCHER_Frank_Besuch_im__Marstheater____Eine_Netzwerkmodelli.xml,Poster,2020
dh0055,142_final-HORSTMANN_Jan_Texte_digital_annotieren_und_analysieren_mit_C.xml,Workshop,2019
dh0056,142_final-IHDEN_Sarah_Varianz__Ambiguität__Unsicherheit__Methodische_S.xml,Vortrag,2020
dh0057,143_final-HOENEN_Armin_Rooting_through_Direction___New_and_Old_Approac.xml,Poster,2019
dh0058,143_final-HORSTMANN_Jan_Interpretationsspielräume__Undogmatisches_Anno.xml,Vortrag,2020
dh0059,144_final-SCHNEIDER_Stefanie_über_die_Ungleichheit_im_Gleichen__Erkenn.xml,Vortrag,2019
dh0060,145_final-RITTERSHAUS_David_Tanz_annotieren_Zur_Entstehung_den_Mögl.xml,Vortrag,2019
dh0061,146_final-KUROCZYNSKI_Piotr_Historic_Building_Information_Modeling__hB.xml,Vortrag,2019
dh0062,146_final-ROLLER_Ramona_Welche_Beziehungen_steuern_das_Briefkorrespond.xml,Vortrag,2020
dh0063,147_final-KLAUS_Carsten_OCR_Nachkorrektur_des_Royal_Society_Corpus.xml,Poster,2019
dh0064,147_final-REITER_Nils_Intertextualität_in_literarischen_Texten_und_dar.xml,Panel,2020
dh0065,148_final-DU_Keli_Der_Spielraum_zwischen__zu_wenig__und__zu_viel_.xml,Vortrag,2020
dh0066,149_final-GÖRZ_Günther_A_Linked_Open_Data_Platform_for_Historical_Geog.xml,Poster,2020
dh0067,149_final-KRUG_Markus_Detecting_Character_References_in_Literary_Novel.xml,Vortrag,2019
dh0068,150_final-FISCHER_Frank_Programmable_Corpora___Die_digitale_Literaturw.xml,Vortrag,2019
dh0069,150_final-WUTTKE_Ulrike_Wege_bereiten__vermitteln_und_Denkräume_schaff.xml,Vortrag,2020
dh0070,150223_Workshop_I_Kollatz-Frosch_oder_Prinz_TUSTEP_als_Werkzeug_der_digitalen_Geisteswissenschaften_– ein_Workshop_der_In_a.txt,Workshop,2015
dh0071,"150223_Workshop_II_Bolz-Wissenschaftliches_Bloggen,_Wissenschaftsblogs_und_bloggende_Wissenschaftler-1261164_a.txt",Workshop,2015
dh0072,150223_Workshop_V_Stede-Computerlinguistische_Methoden_der_Inhaltsanalyse-1171159_a.txt,Workshop,2015
dh0073,150224_Workshop_III_Meister-Elemente_einer_Roadmap_für_das_Forschungsfeld_Computational_Narratology-481097_a.txt,Workshop,2015
dh0074,150224_Workshop_IV_Dumont-ediarum_–_Eine_digitale_Arbeitsumgebung_für_Editionsvorhaben-1821070_a.txt,Workshop,2015
dh0075,150224_Workshop_VI_Mühlberger-Automatisierte_Erkennung_handschriftlicher_Dokumente-141049_a.txt,Workshop,2015
dh0076,150224_Workshop_VII_Sievers-Es_geht_auch_ohne_Formeln_–_Der_Einsatz_von_TeX-1661098_a.txt,Workshop,2015
dh0077,150224_Workshop_VIII_Beer-Einführung_in_die_Nutzung_der_Edirom_Tools_im_Kontext_digitaler_Musikeditionen-1711192_a.txt,Workshop,2015
dh0078,150225_Kunstgeschichte_I_2_Howanitz-Distant_Watching-381084.txt,Vortrag,2015
dh0079,150225_Kunstgeschichte_I_3_von_Pippich-Farbe_und_Ma·_Die_Fibonacci-Zahlen_in_der_Kunstgeschichte-1721060.txt,Vortrag,2015
dh0080,150225_Kunstgeschichte_I_Kassung-Making_Things_Chatter_Historische_Debatten_und_ihre_Objekte-1181165.txt,Vortrag,2015
dh0081,"150225_Kunstgeschichte_II_1_Heftberger-Filmbild,_Filmschnitt,_Filmstil_–_die_Quantifizierung-931114.txt",Vortrag,2015
dh0082,150225_Kunstgeschichte_II_2_Lengyel-Die_Bedeutung_architektonischer_Gestaltung_in_der_visuellen_Vermittlung_wissenschaftlicher_Unschärfe_.txt,Vortrag,2015
dh0083,150225_Musikologie_1_Kepper-„Befund“_und_„Deutung“_in_Beethovens_Schreibprozessen-751119.txt,Vortrag,2015
dh0084,150225_Musikologie_2_Komprecht-Modellierung_von_Annotationen_in_der_digitalen_Musik--1321134.txt,Vortrag,2015
dh0085,150225_Musikoloige_3_Roeder-Repräsentationen_von_Migration_in_musikwissenschaftlichen_Datenbanken-81037.txt,Vortrag,2015
dh0086,150225_Philologie_I_1_Leonhardt-WissensSpielRäume_–_Digital_Humanities_in_der_Theaterforschung-1751188.txt,Vortrag,2015
dh0087,150225_Philologie_I_2_Trilcke-Digitale_Netzwerkanalyse_dramatischer_Texte-251040.txt,Vortrag,2015
dh0088,150225_Philologie_I_3_Schöch-Comedia_-_Comedie-701008.txt,Vortrag,2015
dh0089,150225_Philologie_II_1_Jannidis-Automatische_Erkennung_von_Figuren_in_deutschsprachigen_Romanen-271069.txt,Vortrag,2015
dh0090,150225_Philologie_II_2_Gius-Die_explorative_Visualisierung_von_Texten_Von_den_Herausforderungen_der_Darstellung_geisteswissenschaftli.txt,Vortrag,2015
dh0091,150225_Philologie_II_3_Zirker-Theorie_und_Praxis_der_erklärenden_Annotation_im_Kontext_der_Digital_Humanities-131044.txt,Vortrag,2015
dh0092,150225_Philologie_III_1_Mei·ner-Das_Zusammenspiel_automatisierter_und_interpretativer_Verfahren_bei_der_Aufbereitung_und_Auswertung_.txt,Vortrag,2015
dh0093,150225_Philologie_III_2_Geierhos-Erfahrungsberichte_aus_zweiter_Hand-241064.txt,Vortrag,2015
dh0094,150225_Philologie_III_3_de_Kok-WebLicht-1151162.txt,Vortrag,2015
dh0095,150225_Philologie_IV_1_Geyken-Zeitliche_Verlaufskurven_in_den_DTA-_und_DWDS-Korpora-1191161.txt,Vortrag,2015
dh0096,150225_Philologie_IV_2_Heckmann-Citation_Segmentation_from_Sparse_&_Noisy_Data-1551175.txt,Vortrag,2015
dh0097,150225_Philologie_IV_3_Krieg-Holz-Parameter_zur_Klassifizierung_stilistischer_Varianz_bei_E-Mails-1531184.txt,Vortrag,2015
dh0098,150225_Theorie_I_1_He·brüggen-Walter-Warum_sollen_wir_unseren_Daten_trauen_Soziale_Erkenntnistheorie-591104.txt,Vortrag,2015
dh0099,"150225_Theorie_I_2_Bögel-Gleiche_Textdaten,_unterschiedliche_Erkenntnisziele_Zum_Potential_vermeintlich_widersprüchlicher_Z.txt",Vortrag,2015
dh0100,150225_Theorie_I_3_Kelih-Status_und_Probleme_der_Literaturwissenschaften_im_Rahmen_der_Digitial_Humanities-721112.txt,Vortrag,2015
dh0101,150225_Theorie_II_1_Fechner-Wissenschaftsgeschichte_und_digitale_Methoden_Eine_datengestÅtzte_Untersuchung_zu_wissenschaftlichen_.txt,Vortrag,2015
dh0102,150225_Theorie_II_2_Odebrecht-Interdisziplinäre_Nutzung_von_Forschungsdaten_mithilfe_einer_technisch-abstrakten_Modellierung-63110.txt,Vortrag,2015
dh0103,150225_Theorie_II_3_Hinrichs-Digitale_Geisteswissenschaften_und_Informatik_–_Modelle_der_Zusammenarbeit-781124.txt,Vortrag,2015
dh0104,150226_Geschichte_I_1_Wintergrün-Herausforderung_Big_Data_in_der_historischen_Forschung-651110.txt,Vortrag,2015
dh0105,150226_Geschichte_I_2_HAUSAR-Gespielte_Geschichte-21025.txt,Vortrag,2015
dh0106,150226_Geschichte_I_3_Bennett-über_mehrsprachige_Metadaten_zu_den_versteckten_Quellen-151050.txt,Vortrag,2015
dh0107,150226_Geschichte_II_1_Busch-Quanticod_revisited_Neue_Ansätze_zur_quantitativen_Analyse_mittelalterlicher_Handschriftenbestände-13611.txt,Vortrag,2015
dh0108,150226_Geschichte_II_2_Windhager-Zur_visuellen_Analyse_und_Synthese_historischer_Daten-1701065.txt,Vortrag,2015
dh0109,150226_Geschichte_II_3_Reisinger-Vom_Repositorium_zum_virtuellen_Museum-1071149.txt,Vortrag,2015
dh0110,150226_Panel_I_Thaller-Digital_Humanities_als_Beruf_–_Fortschritte_auf_dem_Weg_zu_einem_Curriculum-851018.txt,Panel,2015
dh0111,150226_Panel_III_Sahle-Panel_der_AG_Datenzentren_im_Verband_DHd-1131158.txt,Panel,2015
dh0112,150226_Panel_IV_Scheuermann-Zur_Integration_computerbasierter_raum-zeitlicher_Visualisierungen-691039.txt,Panel,2015
dh0113,150226_Philologie_V_1_Hanrahan-‘Over-tagging’_with_XML_in_Digital_Scholarly_Editions-1441142.txt,Vortrag,2015
dh0114,150226_Philologie_V_2_Müller-Erkennung_und_Visualisierung_attribuierter_Phrasen-1231132.txt,Vortrag,2015
dh0115,150226_Philologie_V_3_Dimpel-Ausgezeichnete_Mären_analysieren_–_ein_Werkstattbericht-181056.txt,Vortrag,2015
dh0116,150226_Philologie_VI_1_Dumont-correspSearch_Ein_zentraler_Service_zum_Vernetzen_von_Briefeditionen-1101070.txt,Vortrag,2015
dh0117,150226_Philologie_VI_2_Bleier-Topic_Modelling_des_Letters_of_1916_Briefkorpus-831122.txt,Vortrag,2015
dh0118,150226_Philologie_VI_3_Resch-Von_A_wie_Abraham_a_Sancta_Clara_bis_U_wie_Unbekannter_Verfasser-991067.txt,Vortrag,2015
dh0119,150226_Philologie_VII_1_Hadersbeck-Wittgensteins_Nachlass-441032.txt,Vortrag,2015
dh0120,150226_Philologie_VII_2_Kastberger-InformationKommentarInterpretation-31027.txt,Vortrag,2015
dh0121,150226_Philologie_VII_3_Thomas-Hidden_Kosmos_–_Humboldts_‚Kosmos-Vorträge‘-1681182.txt,Vortrag,2015
dh0122,150226_Philologie_VIII_1_Wandl-Vogt-Transformation_Perspektiven_am_Beispiel_eines_lexikographischen_Jahrhundertprojekts-841120.txt,Vortrag,2015
dh0123,150226_Philologie_VIII_2_Declerck-Für_eine_pan-europaische_Lexikologie_und_Lexikographie_mittels_des_Linked_Open_Data_Frameworks-140118.txt,Vortrag,2015
dh0124,150226_Philologie_VIII_3_Pirker-Integrierte_Lexikographische_Dienste_zur_Unterstützung_der_digitalen_Geisteswissenschaften-1601118.txt,Vortrag,2015
dh0125,150226_Theorie_III_1_Wettlaufer-Neue_Erkenntnisse_durch_digitalisierte_Geschichtswissenschaften-1421176.txt,Vortrag,2015
dh0126,150226_Theorie_III_2_Pîlitz-Big_Data_und_Data_Mining_in_den_Digital_Humanities-1061125.txt,Vortrag,2015
dh0127,150226_Theorie_III_3_van_Bree-Exploring_the_reuse_of_data_in_the_humanities_by_means_of_asynchronous_collaboration_and_authorship.txt,Vortrag,2015
dh0128,150226_Theorie_IV_1_Focht-Die_getriebenen_Geisteswissenschaften_–_oder-1781190.txt,Vortrag,2015
dh0129,150226_Theorie_IV_2_Görz-Digital_Humanities_aus_der_Sicht_der_Informatik-1791196.txt,Vortrag,2015
dh0130,150226_Theorie_IV_3_Meise-Bildungspotenziale_digitaler_Musik-Editionen_zwischen_Demokratisierung-1611187.txt,Vortrag,2015
dh0131,150227_EmpirischeAnsätze_1_Engelmann-Meinungen_in_Twitterdiskursen_Potenziale_der_automatisierten_Inhaltsanalyse_aus_der_Computerlinguist.txt,Vortrag,2015
dh0132,150227_EmpirischeAnsatze_2_Stu·-Identifikation_kognitiver_Effekte_in_Online-Bewertungen-801064.txt,Vortrag,2015
dh0133,150227_EmpirischeAnsätze_3_Elwert-Beziehung_und_Bedeutung_Soziale_und_semantische_Netzwerkanalyse_religionshistorischer_Korpora-1311163.txt,Vortrag,2015
dh0134,150227_Philologie_IX_1_Ivanovic-Digitale_Korpusanalyse_in_der_Literaturwissenschaft_am_Beispiel_von_Ilse_Aichinger-1761194.txt,Vortrag,2015
dh0135,150227_Philologie_IX_2_Burr-Das_Duisburg-Leipzig_Korpus_romanischer_Zeitungssprachen-1771016.txt,Vortrag,2015
dh0136,150227_Philologie_IX_3_Weiß-Welt_der_Kinder_–_Bearbeitung_großer_digitaler_Korpora-1431168.txt,Vortrag,2015
dh0137,150227_Philologie_X_1_Roeder-Mapping_the_Words_Übersetzungsstrukturen_zwischen_Altgriechisch-281037.txt,Vortrag,2015
dh0138,150227_Philologie_X_2_Hoenen-Das_artifizielle_Manuskriptkorpus_TASCFE-191051.txt,Vortrag,2015
dh0139,150227_Philologie_XI_1_Dunst-Digitale_Analyse_Graphischer_Literatur-1281047.txt,Vortrag,2015
dh0140,150227_Philologie_XI_2_Fischer-Wann_findet_die_deutsche_Literatur_statt_–_Zur_Untersuchung_von_Zeitausdrücken-231040.txt,Vortrag,2015
dh0141,150227_Philologie_XI_3_Friedl-Erzählen_im_Computerspiel-671086.txt,Vortrag,2015
dh0142,151_final-WILLAND_Marcus_Ein_neues_Format_für_die_Digital_Humanities__.xml,Vortrag,2019
dh0143,153_final-MEISSNER_Cordula_Das_GeSIG_Inventar_Eine_Ressource_für_die_.xml,Vortrag,2019
dh0144,153_final-WIEDMER_Nathalie_Romeo__Freund_des_Mercutio__Semi_Automatisc.xml,Vortrag,2020
dh0145,154_final-HELLING_Patrick_Geisteswissenschaftliches_Forschungsdatenman.xml,Poster,2020
dh0146,154_final-RISSLER_PIPKA_Nanette_Zeitungen_und_Zeitschriften_als_multim.xml,Panel,2019
dh0147,155_final-TOSCHKA_Patrick_Semantisch_angereicherte_Präsentationsschich.xml,Poster,2019
dh0148,156_final-HORSTMANN_Jan_Routinen__Ressourcen_und_Tools_der_digitalen_T.xml,Poster,2020
dh0149,156_final-MEYER_SICKENDIEK_Burkhard_Deep_Learning_als_Herausforderung_.xml,Panel,2019
dh0150,157_final-HALL_Mark_Die_Kanonfrage_2_0.xml,Vortrag,2020
dh0151,158_final-BÜRGERMEISTER_Martina_Becoming_Urban__Ein_Spiel_mit_Räumen.xml,Poster,2020
dh0152,159_final-LAUBROCK_Jochen_Grundzüge_einer_visuellen_Stilometrie.xml,Vortrag,2019
dh0153,160_final-PATTEE_Aaron_Pfälzische_Burgen_und_ihre_Umgebung_im_Mittelal.xml,Poster,2019
dh0154,160_final-WICK_Christoph_OMMR4all___ein_semiautomatischer_Online_Edito.xml,Vortrag,2020
dh0155,161_final-KECK_Jana_What_s_in_the_news___Erfolgs__Rezepte_für_das_wiss.xml,Panel,2020
dh0156,161_final-PRAGER_Christian_Jadescheibe_oder_Kreis___Reflexion__ber_man.xml,Vortrag,2019
dh0157,162_final-JEGAN_Robin_Anforderungen_an_das_Forschungsdatenmanagement_a.xml,Poster,2020
dh0158,162_final-MESSEMER_Heike_Wissenschaftliche_Rezeption_digitaler_3D_Reko.xml,Vortrag,2019
dh0159,163_final-BAILLOT_Anne_Automatische_Übersetzung_als_Bestandteil_eines_.xml,Poster,2019
dh0160,163_final-HORSTMANN_Jan_Annotieren__Analysieren__Visualisieren___Einf_.xml,Workshop,2020
dh0161,164_final-SAHLE_Patrick_Wie_wir_lesen_könnten__Streamreader_sub_PS__su.xml,Vortrag,2020
dh0162,165_final-DEWITZ_Leyla_Usability_Testing_für_Softwarewerkzeuge_in_den_.xml,Workshop,2019
dh0163,165_final-SCHMIDT_Thomas_BeyondTheNotes__Ein_Tool_zur_quantitativen_An.xml,Poster,2020
dh0164,166_final-HOMBURG_Timo_____Linked_Ogham_Stones___Semantische_Modellier.xml,Poster,2020
dh0165,167_final-GIUS_Evelyn_Korpusbereinigung_für_größere_Textmengen.xml,Poster,2020
dh0166,168_final-GIUS_Evelyn_Computationelle_Textanalyse_als_fünfdimensionale.xml,Vortrag,2020
dh0167,169_final-HESSBRÜGGEN_WALTER_Stefan_Positivismus_der_geistigen_Gegenst.xml,Vortrag,2020
dh0168,169_final-PRELL_Martin_Ein_Editionsportal_nicht_nur_für_Th_ringen.xml,Poster,2019
dh0169,170_final-CAPELLE_Irmlind_Theatre_Tool__Erschließung__Verknüpfung_und_.xml,Vortrag,2020
dh0170,171_final-VEIT_Joachim_Würgegriff_oder_Rettungsanker____Interpretation.xml,Vortrag,2020
dh0171,173_final-WILLAND_Marcus_Passive_Präsenz_tragischer_Hauptfiguren_im_Dr.xml,Vortrag,2020
dh0172,174_final-ALTHOF_Daniel_Standardisierte_Medien__Ein_Paradigmenwechsel_.xml,Vortrag,2019
dh0173,174_final-WEIMER_Lukas_Redewiedergabe_in_Heftromanen_und_Hochliteratur.xml,Vortrag,2020
dh0174,176_final-HODEL_Tobias_Maschinelles_Lernen_in_den_Geisteswissenschafte.xml,Panel,2020
dh0175,177_final-KUNZE_Kristina_Digitalisierung_und_Erschließung_arkaner_Quel.xml,Poster,2020
dh0176,178_final-ENGL_Elisabeth_Volltexttransformation_frühneuzeitlicher_Druc.xml,Vortrag,2020
dh0177,179_final-PRELL_Martin_Altbausanierung_mit_Niveau___die_Digitalisierun.xml,Panel,2020
dh0178,180_final-DOGUNKE_Swantje_Bauanleitung_für_einen_Forschungsraum_mit_in.xml,Poster,2019
dh0179,181_final-BURGHARDT_Manuel_SubRosa___Multi_Feature_Ähnlichkeitsverglei.xml,Vortrag,2020
dh0180,181_final-KONLE_Leonard_Makroanalytische_Untersuchung_von_Heftromanen.xml,Vortrag,2019
dh0181,182_final-HOMBURG_Timo_Ein_unscharfer_Suchalgorithmus_für_Transkriptio.xml,Vortrag,2019
dh0182,183_final-KREMER_Gerhard_Maschinelles_Lernen_lernen__Ein_CRETA_Hackato.xml,Workshop,2019
dh0183,183_final-SELTMANN_Melanie_E__H__Doctoral_Consortium__Melanie_E__H__Se.xml,DoctoralConsortium,2020
dh0184,184_final-NEUEFEIND_Claes_Technologienutzung_im_Kontext_Digitaler_Edit.xml,Vortrag,2019
dh0185,184_final-THIELERT_Frauke_Merkmale_registrieren_oder_textuelle_Phänome.xml,Poster,2020
dh0186,185_final-ANDORFER_Peter_DHd_2019_Book_of_Abstracts_Hackathon.xml,Workshop,2019
dh0187,185_final-ROSENKÖTTER_Martha_Normdaten_der_Faktenanker_für_Qualität_im.xml,Poster,2020
dh0188,186_final-MÜLLER_Andreas_Zedlers_fehlende_Seiten__Digitale_Quellenkrit.xml,Poster,2019
dh0189,186_final-SCHULZ_Julian_Schmankerl_Time_Machine.xml,Poster,2020
dh0190,187_final-BURGHARDT_Manuel__The_Vectorian____Eine_parametrisierbare_Su.xml,Vortrag,2020
dh0191,188_final-SCHLUPKOTHEN_Frederik_FormIt__Eine_multimodale_Arbeitsumgebu.xml,Poster,2019
dh0192,189_final-KESSELHEIM_Wolfgang_Besucherexperimente_im_Science_Center__W.xml,Vortrag,2019
dh0193,190_final-KURZ_Stephan_Herausforderungen_für_Thementhesauri_und_Sachre.xml,Poster,2019
dh0194,191_final-GIUS_Evelyn_Korpuserstellung_als_literaturwissenschaftliche_.xml,Vortrag,2019
dh0195,191_final-ULRICH_Mona_Science_Data_Center_für_Literatur.xml,Poster,2020
dh0196,192_final-KONLE_Lenard_Information_Leakage_in_Sub_Genre_classification.xml,Vortrag,2020
dh0197,193_final-HERMES_J_rgen_Public_Humanities_Tools__Der_Bedarf_an_nieders.xml,Vortrag,2020
dh0198,193_final-USLU_Tolga_text2ddc_meets_Literature___Ein_Verfahren_für_die.xml,Poster,2019
dh0199,194_final-DIEHR_Franziska_Open_Graph_Space___Einsatz_und_Potenzial_von.xml,Workshop,2019
dh0200,194_final-SCHILDKAMP_Philip_Modellierung_und_Verwaltung_von_DH_Anwendu.xml,Workshop,2020
dh0201,195_final-DIMPEL_Friedrich_Gute_Wörter_für_Delta__Verbesserung_der_Aut.xml,Poster,2019
dh0202,195_final-REUL_Christian_Typisierte_Varianz_Analyse_von_Texten.xml,Vortrag,2020
dh0203,196_final-MEYER_Peter_Leistungsfähige_und_einfache_Suchen_in_lexikogra.xml,Poster,2019
dh0204,197_final-ROEDER_Torsten_Digital_Humanities_from_Scratch.xml,Workshop,2020
dh0205,198_final-FRANKEN_Lina_Die_Generierung_von_Wortfeldern_und_ihre_Nutzun.xml,Vortrag,2019
dh0206,199_final-DRACH_Sviatoslav_StreamReader_sub_SD__sub__0_2___Eine_protot.xml,Poster,2020
dh0207,199_final-HOHMANN_Georg_Herausforderungen_des_Digital_Storytelling_am_.xml,Vortrag,2019
dh0208,200_final-TONNE_Danah_Ein_Web_Annotation_Protocol_Server_zur_Untersuch.xml,Poster,2019
dh0209,200_final-WUTTKE_Ulrike_Barcamp_data_literacy__Datenkompetenzen_in_den.xml,Workshop,2020
dh0210,201_final-RUPPENHOFER_Josef_Orte_in_narrativen_biographischen_Intervie.xml,Poster,2020
dh0211,201_final-SCHULZ_Julian_Modellprojekt__eHumanities___interdisziplin_r_.xml,Poster,2019
dh0212,202_final-MESSEMER_Heike_3D_Rekonstruktion_als_Werkzeug_der_Quellenref.xml,Vortrag,2020
dh0213,202_final-MÜHLEDER_Peter_I_like_to_PROV_it__Ein_Data_Object_Provenance.xml,Poster,2019
dh0214,203_final-TRAUTMANN_Marjam_Die__Hans_Kelsen_Werke___HKW____eine_rechts.xml,Poster,2020
dh0215,204_final-PLAKSIN_Anna_Differenz_und_Ähnlichkeit_in_der_computergestüt.xml,Vortrag,2020
dh0216,204_final-TRAUTMANN_Marjam_DER_STURM__Digitale_Quellenedition_zur_Gesc.xml,Poster,2019
dh0217,205_final-DRUSKAT_Stephan_Versionskontrolle_mit_Git___Kollaboratives_A.xml,Workshop,2019
dh0218,206_final-POHL_Oliver_Paleocoran__Virtuelle_Rekonstruktion_von_Koranko.xml,Poster,2019
dh0219,207_final-HALLING_Thorsten_SoNAR__IDH___Datenschnittstellen_für_histor.xml,Poster,2020
dh0220,207_final-ULLRICH_Sabine_Weltkulturerbe_international_digital__Erweite.xml,Poster,2019
dh0221,209_final-KÖNIG_Mareike_Wissenschaftliches_Bloggen_mit_de_hypotheses.xml,Workshop,2019
dh0222,210_final-POHL_Oliver_eXist_db_und_VueJS_für_dynamische_UI_Komponenten.xml,Vortrag,2019
dh0223,210_final-WIENERS_Jan_Gerrit_Showtime___sehen_und_gesehen_werden__Erze.xml,Workshop,2020
dh0224,211_final-MERTGENS_Andreas__Re__Collecting_Theatre_History__Wissensdin.xml,Vortrag,2020
dh0225,212_final-DUNST_Alexander_Multimodale_Stilometrie__Herausforderungen_u.xml,Vortrag,2019
dh0226,214_final-SCHROTT_Maximilian_Die_Digitale_Edition_der_Protokolle_des_B.xml,Vortrag,2020
dh0227,215_final-IFFLAND_Joachim_Das_Erkenntnispotenzial_Digitaler_Musikediti.xml,Poster,2020
dh0228,215_final-SIKORA_Uwe_Interlinked__Schriftzeugnisse_der_klassischen_May.xml,Vortrag,2019
dh0229,216_final-MOELLER_Katrin_Methoden_auf_der_Testbank__Ein_interdisziplin.xml,Vortrag,2019
dh0230,216_final-STEINER_Christian_Spielräume_definieren__Cooking_Recipes_of_.xml,Vortrag,2020
dh0231,217_final-HELLING_Patrick_Umfrage_zu_Forschungsdaten_in_den_Geistes__u.xml,Poster,2019
dh0232,217_final-SCHLICHT_Helene_Opaque___digitale_Arbeitsumgebung_für_die_Hu.xml,Poster,2020
dh0233,218_final-HEMATI_Wahed_Der_TextImager_als_Front__und_Backend_für_das_v.xml,Poster,2019
dh0234,219_final-WACHTER_Christian__Medialization_follows_function___Multimod.xml,Poster,2019
dh0235,220_final-KLAFFKI_Lisa_Digitales_Publizieren_im_Spiegel_der_Zeitschrif.xml,Poster,2020
dh0236,220_final-SCHLÖR_Daniel_Multimedia_aus_Rezipientenperspektive__Wirkung.xml,Poster,2019
dh0237,221_final-RASTINGER_Nina_Claudia_Zwischen_geisteswissenschaftlicher_Of.xml,Poster,2020
dh0238,222_final-BURGHARDT_Manuel__The_Bard_meets_the_Doctor____Computergest_.xml,Vortrag,2019
dh0239,222_final-PÖCKELMANN_Marcus_Keter_Shem__ov___Prozessualisierung_eines_.xml,Poster,2020
dh0240,223_final-PAGENSTECHER_Cord_Interview_Sammlungen___Digitale_Erschlie_u.xml,Vortrag,2019
dh0241,223_final-WISSIK_Tanja_Eine_Programmierschnittstelle_für_Metadaten_zu_.xml,Poster,2020
dh0242,224_final-D_RK_Marian_Die_Falte__Ein_Denkraum_für_interaktive_und_krit.xml,Vortrag,2020
dh0243,224_final-DUMONT_Stefan_CMIF_Creator___digitale_Briefverzeichnisse_lei.xml,Poster,2019
dh0244,225_final-HILTMANN_Torsten_Friends_with_Benefits__Wie_Deep_Learning_ba.xml,Vortrag,2020
dh0245,226_final-ABRAMI_Giuseppe_VAnnotatoR__Ein_Werkzeug_zur_Annotation_mult.xml,Poster,2019
dh0246,226_final-SCHUMACHER_Mareike_m_w_Figurengender_zwischen_Stereotypisier.xml,Vortrag,2020
dh0247,227_final-KRAUTTER_Benjamin_Ein_Schritt_zurück__Distinktive_Eigenschaf.xml,Vortrag,2020
dh0248,227_final-ROEDER_Torsten_Digital_Humanities__from_Scratch_.xml,Panel,2019
dh0249,228_final-EGGERT_Lisa_Spiele_im_Spiel___Datenbankbasiertes_Arbeiten_zu.xml,Vortrag,2020
dh0250,228_final-SPORLEDER_Caroline_Multimodales_Zusammenspiel_von_Text_und_e.xml,Poster,2019
dh0251,229_final-BÜRGERMEISTER_Martina_Mit_neuen_Suchstrategien_vom_isolierte.xml,Poster,2019
dh0252,229_final-LASSNER_David_Bias_in_Datensätzen_und_ML_Modellen__Erkennung.xml,Workshop,2020
dh0253,230_final-SCHWANDT_Silke_Hackathon__Sortir_de_la_guerre_.xml,Workshop,2020
dh0254,230_final-SPORLEDER_Caroline_Multimodale_Sentimentanalyse_politischer_.xml,Poster,2019
dh0255,231_final-FORNEY_Christian_Vom_Stellenkommentar_zum_Netzwerk_und_zur_c.xml,Vortrag,2019
dh0256,231_final-LIEDTKE_Clemens_DH_s_Next_Top_Model__Digitale_Editionsentwic.xml,Vortrag,2020
dh0257,232_final-BELL_Peter_Critical_Machine_Vision__Eine_Perspektive_für_die.xml,Vortrag,2020
dh0258,233_final-HORSTMANN_Jan_Netzwerkanalyse_spielerisch_vermitteln_mit_Dra.xml,Vortrag,2020
dh0259,233_final-KOCH_Gertraud_Automatisierungspotenziale_in_der_qualitativen.xml,Vortrag,2019
dh0260,234_final-STEINER_Christian_Cooking_Recipes_of_the_Middle_Ages__Nachnu.xml,Poster,2020
dh0261,234_final-WETTLAUFER_Jörg_Linked_Open_Travel_Data__Erschließung_gesell.xml,Poster,2019
dh0262,235_final-SCHULTE_Judith_Discovery_Service_TRIPLE.xml,Poster,2020
dh0263,235_final-WETTLAUFER_Jörg_Text_Mining_mit_Open_Semantic__Desktop__Sear.xml,Workshop,2019
dh0264,237_final-SELTMANN_Melanie_E__H__Kann_Nonstandard_standardisiert_werde.xml,Vortrag,2019
dh0265,238_final-MÜNSTER_Sander_Das_Wissen_in_der_3D_Rekonstruktion.xml,Panel,2019
dh0266,239_final-KRAUTTER_Benjamin_Klassifikation_von_Titelfiguren_in_deutsch.xml,Vortrag,2019
dh0267,239_final-KUHN_Jonas_Textanalyse_mit_kombinierten_Methoden___ein_konze.xml,Vortrag,2020
dh0268,241_final-NEUBER_Frederike_Distant_Letters__Methoden_und_Praktiken_zur.xml,Workshop,2019
dh0269,241_final-VIEHHAUSER_Gabriel_Spielräume_modellieren__Eine_digitale_Edi.xml,Vortrag,2020
dh0270,242_final-BUSCH_Hannah_Early_Stage_Digital_Medievalist_Subcommittee.xml,Poster,2020
dh0271,242_final-DIEHR_Franziska_Wie_katalogisiert_man_eigentlich_virtuelle_R.xml,Vortrag,2019
dh0272,243_final-GÖRZ_Günther_Linked_Biondo___Modelling_Geographical_Features.xml,Poster,2019
dh0273,243_final-GUHR_Svenja_Doctoral_Consortium__Svenja_Guhr.xml,DoctoralConsortium,2020
dh0274,244_final-GUHR_Svenja_Interdisziplinäres_Streitgespräch___Nutzerkommen.xml,Poster,2020
dh0275,245_final-SCHOLGER_Walter_Kein_Spiel_raum___Rechtliche_und_ethische_Ra.xml,Poster,2020
dh0276,246_final-KÖNIG_Mareike_Wandel_in_der_Wissenschaftskommunikation__Erge.xml,Vortrag,2019
dh0277,246_final-SCHOLGER_Martina_Das_Theater_mit_dem_Theater__Thementransfer.xml,Poster,2020
dh0278,247_final-SCHAEBEN_Marcel_Mapping_the_Moralized_Geography_of__Paradise.xml,Poster,2019
dh0279,247_final-SCHMIDT_Thomas_Der_Einsatz_von_Distant_Reading_auf_einem_Kor.xml,Poster,2020
dh0280,248_final-PIELSTR_M_Steffen_Metadaten_basierte_Visualisierungen_im_Sti.xml,Poster,2020
dh0281,248_final-TOSCANO_Roberta_Netzwerkanalyse_für_Historiker__Probleme_und.xml,Poster,2019
dh0282,249_final-ANDRESEN_Melanie_Syntaktische_Profile_für_Interpretationen_j.xml,Vortrag,2020
dh0283,249_final-SCHWAPPACH_Florin_Augmentierte_Notizbücher_und_Natürliche_In.xml,Poster,2019
dh0284,250_final-DONIG_Simon_Multimodaler_Bedeutungstransfer_vom_Text_zum_Bil.xml,Vortrag,2020
dh0285,250_final-VAUTH_Michael_Netzwerkanalyse_narrativer_Informationsvermitt.xml,Vortrag,2019
dh0286,251_final-SCHNEIDER_Gerlinde_Erweiterung_eines_Forschungsdatenreposito.xml,Poster,2020
dh0287,252_final-BURR_Elisabeth_Ein_Spielraum_der_Digital_Humanities__Die_Eur.xml,Poster,2020
dh0288,252_final-WALKOWSKI_Niels_Oliver_Scalable_Viewing_in_den_Filmwissensch.xml,Vortrag,2019
dh0289,254_final-BOHL_Benjamin_W__Einführung_in_TEI_ODD.xml,Workshop,2020
dh0290,254_final-RETTINGHAUS_Klaus_Semantische_Minimal_Retrodigitalisierung_v.xml,Poster,2019
dh0291,255_final-FASSHAUER_Vera_Der_Datenpool_eines_frühneuzeitlichen_Self_Tr.xml,Poster,2020
dh0292,255_final-PIELSTR_M_Steffen_Ein_GUI_Topic_Modeling_Tool_mit_interaktiv.xml,Poster,2019
dh0293,256_final-BUSCH_Anna_Skalierbare_Exploration__Prototypenstudie_zur_Vis.xml,Vortrag,2019
dh0294,257_final-GÖTZELMANN_Germaine_Wie_sich_die_Bilder_gleichen__Bildähnlic.xml,Poster,2019
dh0295,257_final-VOGELER_Georg_Prosopographische_Interoperabilität___Stand_de.xml,Poster,2020
dh0296,258_final-WAGNER_Andreas_Multimodale_Versuche_der_Alignierung_historis.xml,Vortrag,2019
dh0297,259_final-REINERS_Stefan_Doctoral_Consortium__Stefan_Reiners.xml,DoctoralConsortium,2020
dh0298,259_final-TÜRKOGLU_Enes_Vom_Digitalisat_zum_Kontextualisat___einige_Ge.xml,Vortrag,2019
dh0299,260_final-GEISSLER_Nils_Der_Haken_von_Frazier__der_Ali_1971_zu_Boden_s.xml,Poster,2020
dh0300,260_final-VITT_Thorsten_Intervalle__Konflikte__Zyklen__Modellierung_vo.xml,Vortrag,2019
dh0301,261_final-DENNERLEIN_Katrin_Datamodelling_Drama_and__Musical_theater.xml,Panel,2020
dh0302,262_final-FRITZE_Christiane_010_Jahre_IDE_Schools___Erfahrungen_und_En.xml,Poster,2019
dh0303,263_final-SARIC_Sanja_Topic_Modeling_der_Hugo_Schuchardt_Korrespondenz.xml,Poster,2020
dh0304,264_final-NASAREK_Robert_Texterkennung_mit_Ocropy___Vom_Bild_zum_Text.xml,Workshop,2019
dh0305,265_final-HERRMANN_Elisa_Vom_gedruckten_Werk_zu_elektronischem_Volltex.xml,Workshop,2019
dh0306,265_final-WAGNER_Sarah_Unsichtbares_sichtbar_machen___semantische_Mode.xml,Vortrag,2020
dh0307,266_final-GRUND_Vera_Wiener_Ballette.xml,Poster,2020
dh0308,266_final-JAROSCH_Julian_Graphentechnologien_in_den_Digital_Humanities.xml,Workshop,2019
dh0309,267_final-ALBERS_Laura_Modellierung_von_Annahmen_als_Basis_für_Rekonst.xml,Poster,2020
dh0310,267_final-BLUMTRITT_Jonathan_Metadaten_im_Zeitalter_von_Google_Dataset.xml,Vortrag,2019
dh0311,268_final-RESCH_Claudia_Digitale_Editionen_im_Spannungsfeld_zwischen_F.xml,Poster,2020
dh0312,269_final-HEINISCH_Barbara_Sprachvarietätenabhängige_Terminologie_in_d.xml,Vortrag,2020
dh0313,269_final-VOGELER_Georg_Von_IIIF_zu_IPIF__Ein_Vorschlag_für_den_Datena.xml,Vortrag,2019
dh0314,270_final-OVER_Berthold_Multimodale_Anreicherung_von_Noteneditionen__E.xml,Panel,2019
dh0315,271_final-KLAES_Jan_Sebastian_Historische_Schulbücher_als_Spielräume_f.xml,Poster,2020
dh0316,271_final-STAECKER_Thomas__Eine_digitale_Edition_kann_man_nicht_sehen_.xml,Vortrag,2019
dh0317,272_final-NOICHL_Maximilian_Modeling_disciplinary_structure_with_unifo.xml,Poster,2020
dh0318,273_final-KISSINGER_Timo_Nomisma_org__Numismatik_und_das_Semantic_Web.xml,Vortrag,2019
dh0319,273_final-PANNACH_Franziska_Spielräume_zwischen_Yakshis_und_Dibias__Vl.xml,Poster,2020
dh0320,275_final-SCHUMACHER_Mareike_Social_Media__YouTube_und_Co__Multimedial.xml,Vortrag,2019
dh0321,276_final-KURZ_Stephan_Events__Modellierungen_und_Schnittstellen.xml,Panel,2020
dh0322,276_final-PROISL_Thomas_Dependenzbasierte_syntaktische_Komplexitätsma_.xml,Poster,2019
dh0323,278_final-HANNESSCHLAEGER_Vanessa_Forschung_öffnen__Möglichkeiten__Pot.xml,Poster,2019
dh0324,278_final-REUHL_Elisabeth_Keine_Panik__Manifest_für_Softwareentwicklun.xml,Poster,2020
dh0325,279_final-SCHNEIDER_Philipp_Diskursive_Strukturen_als_öffentliche_Spie.xml,Poster,2020
dh0326,279_final-WEICHSELBAUMER_Nikolaus_Automatic_Font_Group_Recognition_in_.xml,Vortrag,2019
dh0327,280_final-HERRMANN_J__Berenike____hungere_schon_nach_dem_nächsten_Band.xml,Vortrag,2020
dh0328,281_final-DUAN_Tinghui__Romantik__im_aktuellen_parteipolitischen_Disku.xml,Poster,2020
dh0329,281_final-HEDELAND_Hanna_Annotation_gesprochener_Daten_mit_WebAnno_MM.xml,Poster,2019
dh0330,282_final-MUKHAMETOV_Sergey_Interaktion_im_öffentlichen_Raum__Von_der_.xml,Vortrag,2019
dh0331,283_final-GERHARDS_Donata_Gutenberg_Biographics___der_Mainzer_Professo.xml,Poster,2019
dh0332,284_final-FRICKE_STEYER_Henrike_Digitales_Publizieren_im_Spiegel_der_Z.xml,Poster,2019
dh0333,284_final-GEIGER_Jonathan_Spielplätze_der_Theoriebildung_in_den_Digita.xml,Workshop,2020
dh0334,285_final-EFFINGER_Maria_Das_Werk_bildender_Künstler_innen_im_Kontext_.xml,Vortrag,2020
dh0335,286_final-HELLING_Patrick_Wie_es_Euch_gefällt__Perspektiven_wissenscha.xml,Panel,2019
dh0336,286_final-KEPPER_Johannes_Zu_den_Anforderungen_einer_musikalischen_Sti.xml,Vortrag,2020
dh0337,288_final-SCHLÖGL_Matthias_HistoGIS__Vom_Punkt_zur_Fläche_in_Raum_und_.xml,Vortrag,2019
dh0338,289_final-SCHOLGER_Martina_Das_Notizbuch_als_Ideenspeicher_und_Forschu.xml,Vortrag,2019
dh0339,290_final-SCHÜLLER_Daniel_Multimediale_Modelle_multimodaler_Kommunikat.xml,Poster,2019
dh0340,291_final-UHRIG_Peter_Eine_Infrastruktur_zur_Erforschung_multimodaler_.xml,Vortrag,2019
dh0341,292_final-KOLODZIE_Lisa_Bildbezogenes_Machine_Learning_anhand_der_Glas.xml,Poster,2019
dh0342,293_final-MOISICH_Oliver_Multimedia_Markup_Editor__M3___Semi_Automatis.xml,Poster,2019
dh0343,294_final-MAYR_Eva_Visualisierung_zwischen_Pluralismus_und_Fragmentier.xml,Vortrag,2019
dh0344,ABRAMI_Giuseppe_Ontologiegestütze_geisteswissenschaftliche_Annotationen_mit_dem_OWLnotator.txt,Poster,2015
dh0345,AEHNLICH_Barbara_Das_Th_ringische_Flurnamenportal.xml,Poster,2023
dh0346,AEHNLICH_Barbara_Sprachwissenschaftliche_Untersuchungen_zum_Klagspiegel_Conrad_Heydens_(1436)_und_zum_Laienspiegel_Ulrich_Tenglers_(1511).txt,Poster,2015
dh0347,ALBANI_Benedetta_From_the_Secret_Archive_to_open_and_fair_ac.xml,Vortrag,2023
dh0348,ALSCHER_Stefan_Annotation_und_Analyse_des_literaturtheoretischen_und_kritischen_Diskurses_in_deutschsprachigen_Poetiken.txt,Poster,2015
dh0349,ALTHAGE_Melanie_Digitale_Methoden_kritisch_reflektieren___Di.xml,Poster,2023
dh0350,ALTHOF_Daniel__Neue_Wahlverwandtschaften.xml,Vortrag,2018
dh0351,ANDORFER_Peter_Forschungsdaten_in_Theorie_und_Praxis.txt,Poster,2015
dh0352,ANDORFER_Peter_TEIHencer___Enhance_your_TEI_Documents.xml,Poster,2018
dh0353,ANDRESEN_Melanie_Klassifikation_von_Figurenauf__und__abtritt.xml,Poster,2023
dh0354,ANDRESEN_Melanie_Sprachliche_Variation_in_der_Germanistik__e.xml,Vortrag,2018
dh0355,ARNOLD_Eckhart_Positivistischer_Methodenfetischismus_als_Ana.xml,Vortrag,2018
dh0356,ARZHANOV_Yuri_The_Glossarium.txt,unbekannt,2014
dh0357,ASCHAUER_Anna_Reisewege_in_Raum_und_Zeit.xml,Workshop,2018
dh0358,B_RGERMEISTER_Martina_Offene_Werkgenesen__Editionen_und_Arch.xml,Vortrag,2023
dh0359,BALCK_Sandra_Digitale_Editionen_von_historischen_Reiseberich.xml,Poster,2023
dh0360,BALCK_Sandra_Mit_den_Informationswissenschaften_von_Daten_zu_Erkenntnissen.txt,Poster,2015
dh0361,BAMBERG_Claudia__Zu_Rande_kommen___Ph_nomen_und_Pr_sentation.xml,Vortrag,2023
dh0362,BARABUCCI_Gioele__Funktionale_und_deklarative_Programmierung.xml,Vortrag,2018
dh0363,"BARTZ, Thomas_Disambiguierung_in_Suchtrefferlisten.txt",unbekannt,2014
dh0364,BARZEN_Johanna_Kostümsprachen_als_Mustersprachen.txt,unbekannt,2014
dh0365,BARZEN_Johanna_Muster_in_den_Geisteswissenschaften.txt,Poster,2015
dh0366,BARZEN_Johanna_SustainLife___Erhalt_lebender__digitaler_Syst.xml,Poster,2018
dh0367,BAUM_Constanze_Was_heißt_und_zu_welchem_Ende_produziert_man_ein_geisteswissenschaftliches_E-Journal.txt,Poster,2015
dh0368,BAUSI_Alessandro_Modellierung_eines_maschinell_lesbaren_Lexikons_für_das_Korpus_der_altäthiopischen_Literatur.txt,Poster,2015
dh0369,BECK_Jens_Was_Lesende_denken__Assoziationen_zu_B_chern_in_So.xml,Vortrag,2018
dh0370,BELL_Peter_Open_and_Closed_AI__Eine_Kunstkritik_k_nstlich_ge.xml,Vortrag,2023
dh0371,BIBER_Hanno_AAC_FACKEL_Das_Beispiel_einer_digitalen_Musteredition.txt,unbekannt,2014
dh0372,BIEHL_Theresia_Vernetzte_Korrespondenzen_Erforschung_und_Visualisierung_sozialer.txt,unbekannt,2014
dh0373,BIGALKE_Ben_Personen__und_Figurennetzwerke_in_Fernando_Pesso.xml,Poster,2018
dh0374,BINDER_Frank_GeoBib_Georeferenzierte_Online_Bibliographie_früher.txt,unbekannt,2014
dh0375,BINDER_Frank_GeoHumanities_Karten_Daten_Texte_in_den_digitalen_Geisteswissenschaften.txt,unbekannt,2014
dh0376,BISCHOFF_Kerstin_Herausforderungen_und_best_practices.txt,unbekannt,2014
dh0377,BLANKEN_Christine_Endstation_Digital___Herausforderung_Metad.xml,Vortrag,2018
dh0378,BLESSING_Andre_Automatische_Verfahren_zur_Bewertung_der_Relevanz_von_Dokumenten_für_geisteswissenschaftliche_Forschungsfragen.txt,Poster,2015
dh0379,BLESSING_Andre_NLP_meets_RegNLP_meets_Regesta_Imperii.xml,Poster,2018
dh0380,BLUMTRITT_Jonathan_Beginen_in_K_ln__Von_der_Textdatenbank_zu.xml,Poster,2023
dh0381,BLUMTRITT_Jonathan_Nutzerunterstützung_und_neueste_Entwicklu.xml,Workshop,2018
dh0382,BOENIG_Matthias_Ground_Truth__Grundwahrheit_oder_Ad_Hoc_L_su.xml,Vortrag,2018
dh0383,BÖGEL_Thomas_A_Flexible_NLP_Pipeline_for_Computational_Narratology.txt,unbekannt,2014
dh0384,BÖGEL_Thomas_An_End-To-End_Integration_of_Automatic_Annotations_into_CATMA.txt,Poster,2015
dh0385,BÖGEL_Tina_Auf_den_Weg_zur_Visualisierung_von_linguistischen_Mustern_der_Deliberation.txt,unbekannt,2014
dh0386,BOHL_Benjamin_Der_Gang_durch_die_Domänen.txt,Poster,2015
dh0387,BOREK_Luise_Netzwerk_Offenes_Mittelalter.xml,Poster,2023
dh0388,BÖRNER_Ingo_Cäsar_Flaischlens__Graphische_Litteratur_Tafel__.xml,Vortrag,2018
dh0389,BÖTTGER_Lucie_Wahrnehmung_und_digitale_Mustererkennung_am_Be.xml,Vortrag,2018
dh0390,BRCKEL_Oliver_eComparatio_Editionsvergleich.txt,Poster,2015
dh0391,BRNER_Ingo_Quantitative_Auffhrungsanalysen_zu_Stcken_Johann_Nestroys.txt,Poster,2015
dh0392,BRUDER_Daniel_Datenmodelle_zur_digitalen_Texterfassung__Comp.xml,Vortrag,2018
dh0393,BRUNNER_Annelen_KoMuX___Der_Kompositamuster_Explorer.xml,Poster,2023
dh0394,BRUNNER_Annelen_Projektvorstellung___Redewiedergabe__Eine_li.xml,Poster,2018
dh0395,BRYAN_Maximilian_Projekt_Altgyptische_Wrterbcher_im_Verbund_Digital_untersttze_Analyse_der_Entwicklung_gyptischer_Wrterbcher.txt,Poster,2015
dh0396,BUBENHOFER_Noah_Wissenschaft_ohne_Geist__Herausforderungen_d.xml,Vortrag,2018
dh0397,BUDDENBOHM_Stefan_Humanities_Data_Centre_grundlegende_Überlegungen_in_der_Designphase_eines_geisteswissenschaftlichen_Forschungsdatenzentrums.txt,Poster,2015
dh0398,BURCKHARDT_Daniel_Opening_Sources___modulare_Wege_zur_Quelle.xml,Panel,2023
dh0399,BURCKHARDT_Daniel_Schlüsseldokumente_zur_deutsch_jüdischen_G.xml,Poster,2018
dh0400,BÜRGERMEISTER_Martina__Software_Aging__in_den_DH__Kritik_des.xml,Vortrag,2018
dh0401,BURGHARDT_Manuel_Computergestützte_Film__und_Videoanalyse.xml,Panel,2018
dh0402,BURGHARDT_Manuel_Digital_Dylan___Computergestützte_Analyse_d.xml,Poster,2018
dh0403,BURGHARDT_Manuel_Empirische_Untersuchungen_zu_digitalen_geisteswissenschaftlichen_Arbeitspraktiken_an_der_Univers.txt,unbekannt,2014
dh0404,BURGHARDT_Manuel_FakeNarratives___First_Forays_in_Understand.xml,Vortrag,2023
dh0405,BURGHARDT_Manuel_StreetartFinder_Eine_Datenbank_zur_Dokumentation_von_Kunst_im_urbanen_Raum.txt,Poster,2015
dh0406,BURGHARDT_Manuel_Tool_Studies_2_0___Zum_Potenzial_von_Transf.xml,Vortrag,2023
dh0407,BURR_Elisabeth__Kinder_des_Buchdrucks__im_Digitalen_Zeitalte.xml,Poster,2018
dh0408,BUSCH_Hannah_Auf_der_Suche_nach_der_verlorenen_Materialit_t_.xml,Vortrag,2018
dh0409,CAESAR_Ingo_Die_Schule_von_Salamanca_Eine_digitale_Quellensammlung_und_ein_Wörterbuch.txt,unbekannt,2014
dh0410,CALVO_TELLO_Jos__GND_und_Normdaten_f_r_europ_ische_Literatur.xml,Vortrag,2023
dh0411,CAPELLE_Irmlind_Entwicklung_eines_MEI_und_TEI_basierten_Modells_kontextueller_Tiefenerschlieįung_von_Musikalienbeständen_am_Beispiel_des_Detmolder_Hoftheaters_im_19._Jahrhunderts.txt,Poster,2015
dh0412,CHANDNA_Swati_eCodicology_Mittelalterliche_Handschriften_als_Gegenstand.txt,unbekannt,2014
dh0413,CHIARCOS_Christian_New Technologies_for_Old_Germanic_Languages_Resources_and_Research_on_Parallel_Gospels.txt,unbekannt,2014
dh0414,CHIARCOS_Christian_Universal_Morphology_zwischen_Sprachtechn.xml,Poster,2018
dh0415,CHRIST_Andreas_Digitale_Interaktion_auf_Augenh_he___drei_Weg.xml,Poster,2023
dh0416,CIVIDINI_Iacopo_Zwischen_Ton_und_Textgenese_Digital_gestützte_Verfahren_zur_kritischen_Edition_von_Operntexten.txt,unbekannt,2014
dh0417,CUGLIANA_Elisa_Coding_editions__Computational_approaches_to_.xml,Vortrag,2023
dh0418,CZMIEL_Alexander_erschließen___verknüpfen___finden__Forschun.xml,Poster,2018
dh0419,CZMIEL_Alexander_Offen_f_r_Professionalisierung__Wie_Softwar.xml,Workshop,2023
dh0420,D_RFELD_Michael_ARS___Architecture_Research_Stage.xml,Poster,2023
dh0421,DAHNKE_Michael__Professionalisierung_der_Ausbildung_von_Geis.xml,Poster,2018
dh0422,DÄNGELI_Peter_Von_der_geschlossenen_Forschungsdatenbank_zur_.xml,Poster,2018
dh0423,DECLERCK_Thierry_Annotationen_für_die_automatisierte_Verarbeitung_von_Märchen.txt,Poster,2015
dh0424,DECLERCK_Thierry_Formalisierung_von_Märchen.xml,Poster,2018
dh0425,DEICKE_Aline_Living_Handbook__Digitale_Quellenkritik_.xml,Panel,2023
dh0426,DHd2022_112.xml,Workshop,2022
dh0427,DHd2022_113.xml,Vortrag,2022
dh0428,DHd2022_116.xml,Workshop,2022
dh0429,DHd2022_117.xml,Vortrag,2022
dh0430,DHd2022_118.xml,Workshop,2022
dh0431,DHd2022_119.xml,Vortrag,2022
dh0432,DHd2022_120.xml,Vortrag,2022
dh0433,DHd2022_123.xml,Poster,2022
dh0434,DHd2022_124.xml,DoctoralConsortium,2022
dh0435,DHd2022_126.xml,DoctoralConsortium,2022
dh0436,DHd2022_127.xml,Poster,2022
dh0437,DHd2022_129.xml,Poster,2022
dh0438,DHd2022_131.xml,Poster,2022
dh0439,DHd2022_132.xml,Poster,2022
dh0440,DHd2022_133.xml,Workshop,2022
dh0441,DHd2022_134.xml,Workshop,2022
dh0442,DHd2022_135.xml,Vortrag,2022
dh0443,DHd2022_136.xml,DoctoralConsortium,2022
dh0444,DHd2022_137.xml,Poster,2022
dh0445,DHd2022_138.xml,Workshop,2022
dh0446,DHd2022_139.xml,Poster,2022
dh0447,DHd2022_140.xml,Poster,2022
dh0448,DHd2022_141.xml,Poster,2022
dh0449,DHd2022_142.xml,Vortrag,2022
dh0450,DHd2022_143.xml,Vortrag,2022
dh0451,DHd2022_144.xml,Vortrag,2022
dh0452,DHd2022_147.xml,Poster,2022
dh0453,DHd2022_148.xml,Vortrag,2022
dh0454,DHd2022_153.xml,Poster,2022
dh0455,DHd2022_155.xml,Poster,2022
dh0456,DHd2022_157.xml,Poster,2022
dh0457,DHd2022_159.xml,Workshop,2022
dh0458,DHd2022_161.xml,Vortrag,2022
dh0459,DHd2022_163.xml,Poster,2022
dh0460,DHd2022_168.xml,Vortrag,2022
dh0461,DHd2022_170.xml,Poster,2022
dh0462,DHd2022_171.xml,Workshop,2022
dh0463,DHd2022_172.xml,Poster,2022
dh0464,DHd2022_173.xml,Workshop,2022
dh0465,DHd2022_175.xml,Poster,2022
dh0466,DHd2022_176.xml,Poster,2022
dh0467,DHd2022_177.xml,Vortrag,2022
dh0468,DHd2022_179.xml,DoctoralConsortium,2022
dh0469,DHd2022_180.xml,Vortrag,2022
dh0470,DHd2022_181.xml,Poster,2022
dh0471,DHd2022_183.xml,Vortrag,2022
dh0472,DHd2022_185.xml,Vortrag,2022
dh0473,DHd2022_188.xml,Vortrag,2022
dh0474,DHd2022_189.xml,Poster,2022
dh0475,DHd2022_191.xml,Poster,2022
dh0476,DHd2022_193.xml,Poster,2022
dh0477,DHd2022_194.xml,Poster,2022
dh0478,DHd2022_196.xml,Poster,2022
dh0479,DHd2022_199.xml,Vortrag,2022
dh0480,DHd2022_200.xml,Workshop,2022
dh0481,DHd2022_203.xml,DoctoralConsortium,2022
dh0482,DHd2022_204.xml,Vortrag,2022
dh0483,DHd2022_206.xml,Workshop,2022
dh0484,DHd2022_207.xml,Vortrag,2022
dh0485,DHd2022_208.xml,Panel,2022
dh0486,DHd2022_210.xml,Workshop,2022
dh0487,DHd2022_212.xml,Poster,2022
dh0488,DHd2022_213.xml,Vortrag,2022
dh0489,DHd2022_214.xml,Vortrag,2022
dh0490,DHd2022_220.xml,Poster,2022
dh0491,DHd2022_221.xml,Workshop,2022
dh0492,DHd2022_222.xml,DoctoralConsortium,2022
dh0493,DHd2022_224.xml,Poster,2022
dh0494,DHd2022_225.xml,Panel,2022
dh0495,DHd2022_226.xml,Poster,2022
dh0496,DHd2022_227.xml,Poster,2022
dh0497,DHd2022_228.xml,Workshop,2022
dh0498,DHd2022_229.xml,Poster,2022
dh0499,DHd2022_232.xml,Vortrag,2022
dh0500,DHd2022_233.xml,Vortrag,2022
dh0501,DHd2022_234.xml,Poster,2022
dh0502,DHd2022_235.xml,Vortrag,2022
dh0503,DHd2022_236.xml,Vortrag,2022
dh0504,DHd2022_237.xml,Poster,2022
dh0505,DHd2022_238.xml,Vortrag,2022
dh0506,DHd2022_239.xml,Vortrag,2022
dh0507,DHd2022_240.xml,Vortrag,2022
dh0508,DHd2022_241.xml,Vortrag,2022
dh0509,DHd2022_242.xml,Poster,2022
dh0510,DHd2022_243.xml,Panel,2022
dh0511,DHd2022_244.xml,Poster,2022
dh0512,DHd2022_245.xml,Vortrag,2022
dh0513,DHd2022_246.xml,Poster,2022
dh0514,DHd2022_249.xml,Vortrag,2022
dh0515,DHd2022_250.xml,Poster,2022
dh0516,DHd2022_251.xml,Poster,2022
dh0517,DHd2022_253.xml,Poster,2022
dh0518,DHd2022_254.xml,Workshop,2022
dh0519,DHd2022_255.xml,Poster,2022
dh0520,DHd2022_256.xml,Poster,2022
dh0521,DHd2022_257.xml,Vortrag,2022
dh0522,DHd2022_258.xml,Poster,2022
dh0523,DHd2022_259.xml,Poster,2022
dh0524,DHd2022_261.xml,Poster,2022
dh0525,DHd2022_263.xml,DoctoralConsortium,2022
dh0526,DHd2022_264.xml,Vortrag,2022
dh0527,DHd2022_265.xml,Vortrag,2022
dh0528,DHd2022_266.xml,Panel,2022
dh0529,DHd2022_267.xml,Poster,2022
dh0530,DHd2022_270.xml,Vortrag,2022
dh0531,DHd2022_271.xml,Vortrag,2022
dh0532,DHd2022_272.xml,Vortrag,2022
dh0533,DHd2022_273.xml,Poster,2022
dh0534,DHd2022_274.xml,Vortrag,2022
dh0535,DHd2022_275.xml,Poster,2022
dh0536,DHd2022_276.xml,Vortrag,2022
dh0537,DHd2022_277.xml,Poster,2022
dh0538,DHd2022_278.xml,Vortrag,2022
dh0539,DHd2022_280.xml,Poster,2022
dh0540,DHd2022_281.xml,Poster,2022
dh0541,DHd2022_284.xml,Poster,2022
dh0542,DHd2022_286.xml,Vortrag,2022
dh0543,DHd2022_288.xml,Workshop,2022
dh0544,DHd2022_289.xml,Panel,2022
dh0545,DHd2022_290.xml,Panel,2022
dh0546,DHd2022_291.xml,Poster,2022
dh0547,DHd2022_293.xml,Workshop,2022
dh0548,DHd2022_295.xml,Poster,2022
dh0549,DHd2022_296.xml,Vortrag,2022
dh0550,DHd2022_299.xml,Vortrag,2022
dh0551,DHd2022_300.xml,Poster,2022
dh0552,DHd2022_304.xml,Workshop,2022
dh0553,DHd2022_305.xml,Poster,2022
dh0554,DHd2022_307.xml,Vortrag,2022
dh0555,DHd2022_309.xml,Poster,2022
dh0556,DHd2022_311.xml,Vortrag,2022
dh0557,DHd2022_313.xml,Vortrag,2022
dh0558,DHd2022_315.xml,DoctoralConsortium,2022
dh0559,DHd2022_318.xml,Poster,2022
dh0560,DHd2022_319.xml,Poster,2022
dh0561,DHd2022_320.xml,Vortrag,2022
dh0562,DHd2022_321.xml,Poster,2022
dh0563,DHd2022_322.xml,Vortrag,2022
dh0564,DHd2022_323.xml,Poster,2022
dh0565,DHd2022_324.xml,Poster,2022
dh0566,DHd2022_327.xml,Poster,2022
dh0567,DHd2022_328.xml,Vortrag,2022
dh0568,DHd2022_330.xml,Panel,2022
dh0569,DHd2022_331.xml,Vortrag,2022
dh0570,DHd2022_332.xml,Vortrag,2022
dh0571,DHd2022_333.xml,Vortrag,2022
dh0572,DHd2022_334.xml,Poster,2022
dh0573,DHd2022_336.xml,Poster,2022
dh0574,DHd2022_337.xml,Vortrag,2022
dh0575,DHd2022_338.xml,Poster,2022
dh0576,DHd2022_339.xml,Vortrag,2022
dh0577,DHd2022_341.xml,Workshop,2022
dh0578,DHd2022_344.xml,Poster,2022
dh0579,DHd2022_345.xml,Poster,2022
dh0580,DIMPEL_Friedrich_Michael_Die_guten_ins_Töpfchen__Zur_Anwendb.xml,Vortrag,2018
dh0581,DOMINIK_GERSTORFER_Dominik_Konflikte_als_Theorie__Modell_und.xml,Vortrag,2023
dh0582,DONIG_Simon__Der_ferne_Blick__Bildkorpora_und_Computer_Visio.xml,Panel,2018
dh0583,DONIG_Simon_Bildanalyse_durch_Distant_Viewing___zur_Identifi.xml,Vortrag,2018
dh0584,DOPPELBAUER_Regina_Albertina_Sammlungen_online_eine_digitale_Ressource.txt,unbekannt,2014
dh0585,DÖRK_Marian_Der_Sammlung_gerecht_werden__Kritisch_generative.xml,Vortrag,2018
dh0586,DRECHSEL_Susanne_Deutsche_Aussprachedatenbank_Sprechendes_Aussprachewörterbuch.txt,unbekannt,2014
dh0587,DRECHSLER_Jessica_Digitale_Forschungsinfrastrukturen_für_die_internationale_Bildungsmedienforschung.txt,unbekannt,2014
dh0588,DRUSKAT_Stephan_Nachnutzbarmachung_von_Forschungsdaten_und_T.xml,Vortrag,2018
dh0589,DU_Keli_Evaluating_token_based_DTFs_on_authorship_classifica.xml,Vortrag,2023
dh0590,DU_Keli_Sentimentanalyse_in_unstrukturierten_Texten__am_Bsp_.xml,Vortrag,2018
dh0591,DUMONT_Stefan_Die_offene_Edition__Vernetzung__Datenpublikati.xml,Vortrag,2023
dh0592,DUMONT_Stefan_ediarum_Eine_digitale_Arbeitsumgebung_für_Editionsvorhaben.txt,Poster,2015
dh0593,DUMONT_Stefan_Ein_Brief___zwei_Perspektiven__Stellenkommenta.xml,Poster,2018
dh0594,DUNST_Alexander_Hin_zu_einer_Visuellen_Stilometrie__Automati.xml,Vortrag,2018
dh0595,DURCO_Matej_Netzwerke_sehen.txt,Poster,2015
dh0596,EBNETH_Bernhard_Vernetzung_von_historisch_biographischen_Lexika_und_Fachportalen.txt,unbekannt,2014
dh0597,EIDE_Oyvind_Modellieren_durch_mediale_Transformation__Das_Th.xml,Vortrag,2018
dh0598,EISER_Isabel_Open_Science_Prinzipien_und_interdisziplin_re_K.xml,Vortrag,2023
dh0599,ELWERT_Frederik_Digitalisierung_kulturellen_Erbes_und_postko.xml,Panel,2023
dh0600,ELWERT_Frederik_Ordnung_Kraft_Magie_Netzwerkanalyse_als_Instrument_ägyptologischer_Bedeutungsanalyse.txt,unbekannt,2014
dh0601,ENDER_Markus_So_viele_Briefe_mit_all_ihrem_Für_und_Wider...Die_kommentierte_Online-Edition_des_Gesamtbriefwechsels_Ludwig_von_Fickers_als_wissenschaftlicher_Quellenfundus.txt,Poster,2015
dh0602,ENKE_Dankmar_Kommentiertes_Digitales_Korpus_Deutscher_Rechts_und_Gesetzestexte.txt,unbekannt,2014
dh0603,ENTRUP_Bastian_Kombinierte_Text-_und_Geo-Suche_zum_Durchsuchen_einer_georeferenzierten_Online_Bibliographie.txt,Poster,2015
dh0604,ERBACHER_Christian_Editionspraxis_und_technologische_Entwicklung_Erfahrungen_und_Schlussfolgerungen.txt,unbekannt,2014
dh0605,ERHARD_Alexander_SMuFL-Browser_und_oXygen_GlyphPicker_Plugin.txt,Poster,2015
dh0606,ERNST_Thomas_Critical_Digital_Cultural_Studies__Digitale_Kul.xml,Vortrag,2018
dh0607,ERNST_Thomas_Jenseits_des_wissenschaftlichen_Werks_und_des_geistigen_Eigentums.txt,unbekannt,2014
dh0608,FECHNER_Martin_Daten_Adaptation_als_Analysemethode_für_geisteswissenschaftliche_Forschung.txt,unbekannt,2014
dh0609,FECHNER_Martin_Eine_nachhaltige_Präsentationsschicht_für_dig.xml,Vortrag,2018
dh0610,FECKER_Daniel_Vom_Zeichen_zur_Schrift_Mit_Mustererkennung_zur_automatisierten_Schreiberhanderkennung.txt,unbekannt,2014
dh0611,FICHTNER_Mark_Von_Drupal_8_zur_virtuellen_Forschungsumgebung.xml,Poster,2018
dh0612,FISCHEIDL_Kathrin_das_Deutsche_Kunstarchiv_auf_neuen_Wegen.xml,Poster,2023
dh0613,FISCHER_Frank__Liebe_und_Tod_in_der_Deutschen_Nationalbiblio.xml,Vortrag,2018
dh0614,FISCHER_Frank_Internationale_Autor_innen_zu_Gast_in_der_DDR_.xml,Vortrag,2023
dh0615,FISCHER_Frank_Netzwerkanalytischer_Blick_auf_die_Dramen_Anto.xml,Poster,2018
dh0616,FISCHER_Peter_Aufbau_eines_Korpus_zur_Beobachtung_des_Schreibgebrauchs_im_Deutschen.txt,unbekannt,2014
dh0617,FISCHER_Tim_D_WISE___Digitale_Wissenssoziologische_Diskursan.xml,Poster,2023
dh0618,FL_H_Marie_Analyse__Produktion__Reflexion__Nachnutzungsszena.xml,Poster,2023
dh0619,FOERSTER_Sascha_Wissenschaftliches_Bloggen_bei_de.hypotheses.org.txt,unbekannt,2014
dh0620,FORKEL_Robert_CLLD_Datenpublikationen_in_der_Linguistik.txt,unbekannt,2014
dh0621,FRANK_Ingo_Digitale_Vernunft_zwischen_Text_und_Diagramm.xml,Vortrag,2018
dh0622,FRANK_Laura_Schrifttradition_digital__Rituell_reine_Toraroll.xml,Vortrag,2023
dh0623,FRANKEN_Lina_Oral_History_auf_dem_Weg_zu_Big_Data__menschlic.xml,Vortrag,2023
dh0624,FRANZINI_Greta_Digital_Medievalist__A_Web_Community_for_Medi.xml,Poster,2018
dh0625,FRANZINI_Greta_Increasing_the_visibility_of_Tyrol_s_cultural.xml,Vortrag,2023
dh0626,FRIEDRICHS_Kristina_Digitale_Bildrepositorien___wirkliche_Ar.xml,Workshop,2018
dh0627,FRIESE_Susanne_Was_bringt_die_Anwendung_von_QDA_Software.txt,unbekannt,2014
dh0628,GALKA_Selina_Minimal_Editing__Die_Hyperdiplomatische_Transkr.xml,Vortrag,2023
dh0629,GALKA_Selina_Wei_buch_Digitale_Edition.xml,Poster,2023
dh0630,GARCES_Juan_Kritik_der_Digitalität__am_Beispiel_der_digitale.xml,Vortrag,2018
dh0631,GASPERLIN_Oliver_Die_Öffnung_bibliothekarischer_Daten_Eine_Spielwiese.txt,unbekannt,2014
dh0632,GEBHARD_Henning_Metaphors_of_Religion.xml,Poster,2023
dh0633,GEISSEL_Pia_Stilometrie_in_der_Diplomatik__Ein_neues_Forschu.xml,DoctoralConsortium,2023
dh0634,GENGNAGEL_Tessa_Open_DH__Mapping_Blind_Spots.xml,Panel,2023
dh0635,GERBER_Anja_Die_besonderen_Herausforderungen_multimodaler_he.xml,Vortrag,2023
dh0636,GERHARDS_Simone_Aus_erster_Hand___3000_Jahre_Kursivschrift_d.xml,Poster,2018
dh0637,GHOSH_Sharanya_Theorising_the_Aesthetic_Properties_of_Readin.xml,DoctoralConsortium,2023
dh0638,GIESZLER_Andre_Semi_automatische_Differenzanalyse_von_komplexen_Textvarianten.txt,unbekannt,2014
dh0639,GIOVANNINI_Luca_Onboard_onto_DraCor.xml,Poster,2023
dh0640,GIUS_Evelyn_hermA__Zur_Rolle_von_Annotationen_in_hermeneutis.xml,Poster,2018
dh0641,GIUS_Evelyn_Informatik_und_Hermeneutik_Erste_Erkenntnisse.txt,unbekannt,2014
dh0642,GLAS_Julia_Selbstoptimierung_vs__Selbstliebe__Eine_vergleich.xml,Vortrag,2023
dh0643,GLAWION_Anastasia_Einfluss_des_h_ufigen_Lesens_auf_Textwahrn.xml,Vortrag,2023
dh0644,GLEIM_Rüdiger_TTLab_Preprocessor_Eine_generische_Web-Anwendung_für_die_Vorverarbeitung_von_Texten_und_deren_Evaluation.txt,Poster,2015
dh0645,GLISSMANN_Benjamin_Vom_Luftbild_zum_3D.txt,Poster,2015
dh0646,GLÜCK_David_An_den_Grenzen_der_Interoperabilität__Eine_kriti.xml,Vortrag,2018
dh0647,GODLER_Katharina_musilonline___integral_lösen__Dialogfeld_Di.xml,Panel,2018
dh0648,GOEDEL_Martina_Digitale_Differenz__Luhmanns_Zettelkasten_als.xml,Vortrag,2018
dh0649,GRADL_Tobias_Ist_die_DARIAH_DE_Forschungsinfrastruktur_fit_f.xml,Poster,2018
dh0650,GRONEMEYER_Sven_Vagheit_hoch_Zweifel_plus_Kritik__Die_Bewert.xml,Vortrag,2018
dh0651,GROSSE_Peggy_duerer_online___Virtuelles_Forschungsnetzwerk_A.xml,Poster,2023
dh0652,GROSSE_Peggy_Interpretation_und_Unschärfe_bei_der_semantisch.xml,Vortrag,2018
dh0653,GROTE_Brigitte_Lemmabasierte_Publikationsformate_weiter_denk.xml,Vortrag,2023
dh0654,GRZ_Günther_Knstliche_Intelligenz_und_Geisteswissenschaften.txt,unbekannt,2014
dh0655,H_USSLER_Julian_Fanfiction_Semantics___Eine_quantitative_Ana.xml,Poster,2023
dh0656,HAAF_Susanne__Perspektiven_auf_ein_Korpus__Kombinationen_qua.xml,Poster,2018
dh0657,HADERSBECK_Maximilian_Wittgensteins_Nachlass_Computerlinguistik_und_Philosophie_Der_Finder_wiTTFind.txt,unbekannt,2014
dh0658,HAGEN_Thora_Von_A_bis_Z___berlegungen_zur_Erstellung_eines_W.xml,Vortrag,2023
dh0659,HAHN_Carolin_Auch_ich_in_Rom!-Die_literarische_Inszenierung_sozialer_Netzwerke_und_Wissenstransfers_in_deutschsprachigen_Reiseberichten_(1816-1833).txt,Poster,2015
dh0660,HAIDER_Thomas_Nikolaus_Barockpoetik_als_Wikibase__Eine_Daten.xml,Poster,2023
dh0661,HALL_Mark_Schlendern_im_Digitalen_Museum.xml,Poster,2023
dh0662,HANNESSCHLÄGER_Vanessa_Menschen_gendern__Einige_Gedanken_übe.xml,Poster,2018
dh0663,HATZEL_Hans_Ole_Narrativit_t_und_Handlung.xml,Vortrag,2023
dh0664,HECKELEN_Malte_Lars_Verhaltensmuster_in_Massendiskursen__Ein.xml,Poster,2018
dh0665,HELLING_Patrick_Sechs_Wege_der_FRBRisierung_von_Textverknüpf.xml,Poster,2018
dh0666,HELLRICH_Johannes__Wenn_der_Funke__berspringt___Word_Embeddi.xml,Vortrag,2018
dh0667,HENNING_Pia_Das_preu_ische_Kriegsspiel_als_Forschungsobjekt.xml,Poster,2023
dh0668,HENNY_KRAHMER_Ulrike_Alternative_Gattungstheorien__Das_Proto.xml,Vortrag,2018
dh0669,HERRMANN_J__Berenike_Praktische_Tagger_Kritik__Zur_Evaluatio.xml,Vortrag,2018
dh0670,HESSBR_GGEN_WALTER_Stefan_Offene_Daten_f_r_die_digitale_Phil.xml,Vortrag,2023
dh0671,HESSBRÜGGEN_WALTER_Stefan__Die_Angst_vor_dem__Elektronengehi.xml,Vortrag,2018
dh0672,HESZBRÜGGEN-WALTER_Stefan_Using_Ontologies_as_Heuristic_Tools_Sources_in_the_History_of_Philosophy.txt,unbekannt,2014
dh0673,HEUBERGER_Rachel_Der_Weg_des_Texts_zum_Nutzer_Historische_Quellen_der_Jüdischen_Studien.txt,unbekannt,2014
dh0674,HEYER_Gerhard_Brauchen_die_Digital_Humanities_eine_eigene_Methodologie.txt,unbekannt,2014
dh0675,HIEBERT_Matthew_Deutsche_Geschichte_Digital__Ergebnisse_der_.xml,Poster,2018
dh0676,HILGER_Agnes_Dunkelgr_n__blassgr_n__fenchelgr_n_oder___ber_d.xml,Poster,2023
dh0677,HINZMANN_Maria_SPARQL_f_r__digitale__Geisteswissenschaftler_.xml,Workshop,2023
dh0678,HODEL_Tobias_Automatic_Text_Recognition__Mit_Transkribus_Tex.xml,Workshop,2018
dh0679,HODEL_Tobias_Bullingers_Briefwechsel_zug_nglich_machen__Stan.xml,Vortrag,2023
dh0680,HODEL_Tobias_Konsequenzen_automatischer_Texterkennung___Ein_.xml,Vortrag,2018
dh0681,HOENEN_Armin_Principles_Aiding_in_Reading_Abbreviations_in_O.xml,Vortrag,2018
dh0682,HOFFMANN_Christoph_Science_as_a_Service_.xml,Poster,2018
dh0683,HOMBURG_Timo_Learning_cuneiform_the_modern_way.txt,Poster,2015
dh0684,HOMBURG_Timo_Semantische_Extraktion_auf_antiken_Schriften_am.xml,Poster,2018
dh0685,HOPP_Meike_Provenienzforschung_und_ihre_Quellenbest_nde__Akt.xml,Vortrag,2023
dh0686,HOPPE_Stephan_Bedrohte_Besitzstände_verlorene_Werte.txt,unbekannt,2014
dh0687,HORSTMANN_Jan_Algorithmen_anwenden___algorithmisch_denken.xml,Workshop,2023
dh0688,HORSTMANN_Jan_Grenzen_der_Offenheit__eine_digitale_Sammlung_.xml,Vortrag,2023
dh0689,HORSTMANN_Jan_Textliche_Relationen_maschinenlesbar_formalisi.xml,Vortrag,2023
dh0690,HOWANITZ_Gernot_Kaleidoskopische_Muster_des_Protests__Visuel.xml,Poster,2023
dh0691,HOWANITZ_Gernot_LitSOM_Kartierung_russischer_Gegenwartsliteratur.txt,unbekannt,2014
dh0692,HOWANITZ_Gernot_Open_Humanities_in_der_Filmwissenschaft___zw.xml,Panel,2023
dh0693,HUG_Marius__BeWeB_3D___Zur_Digitalisierung_interaktiver_Buch.xml,Poster,2018
dh0694,HUG_Marius_Dingler_Dissemination_Highlights_aus_6_Jahren_Digitalisierung_des_Polytechnischen_Journals.txt,Poster,2015
dh0695,JACKE_Janina_Digital_vs__Humanities__Didaktische_Aufbereitun.xml,Poster,2018
dh0696,JACKE_Janina_Vom_sprachlichen_Indikator_zum_komplexen_Ph_nom.xml,Vortrag,2023
dh0697,JANNIDIS_Fotis_Korpuszusammensetzung_und_Verl_sslichkeit_des.xml,Vortrag,2023
dh0698,JUNG_Kerstin_Die_Wahl_der_Mittel___Jupyter_Notebooks_als_For.xml,Poster,2023
dh0699,JUNG_Kerstin_Wunsch_und_Wirklichkeit___Forschungsinfrastrukt.xml,Workshop,2023
dh0700,JUNGINGER_Pauline_Feministische_Filmgeschichte_als_Linked_Op.xml,DoctoralConsortium,2023
dh0701,K_NIG_Mareike_Hands_on_Workshop_Wissenschaftsbloggen_mit_de_.xml,Workshop,2023
dh0702,KADEN_Ben_Ein_Integriertes_Monitoring_in_digitalen_Forschungsräumen_als_Vermittlungsakteur_in_heterogenen_Akteurskonstellationen.txt,unbekannt,2014
dh0703,KADEN_Ben_Erweiterte_Publikationen_in_den_GeisteswissenschaftenKleineberg.txt,Poster,2015
dh0704,KALASOUSKAYA_Yuliya_Wittgensteins_Nachlass_Aufbau_und_Demonstration_der_FinderApp_WiTTFind_und_ihrer_Komponenten.txt,Poster,2015
dh0705,KAMOCKI_Pawel_CLARIN_Legal_Information_Plattformen_und_Legal.xml,Poster,2018
dh0706,KAMOCKI_Pawel_Das_neue__Gesetz_zur_Angleichung_des_Urheberre.xml,Vortrag,2018
dh0707,KANTNER_Cathleen_eIdentity_Werkzeuge_zur_Erschließung_und_Exploration_von_Textdaten.txt,unbekannt,2014
dh0708,KEPPER_Johannes_Open_Data_in_musikphilologischen_Projekten__.xml,Vortrag,2023
dh0709,KEPPER_Johannes_Quo_Vadis_Musikphilologie.txt,unbekannt,2014
dh0710,KESSLER_Linda_Entitäten_im_Fokus_am_Beispiel_von_Captivity_N.xml,Poster,2018
dh0711,KETSCHIK_Nora__textklang____Ein_Mixed_Methods_Workshop_zu_Ly.xml,Workshop,2023
dh0712,KIPKE_Marta_EGRAPHSEN__Von_einem_Nebenprodukt_des_Supervised.xml,Vortrag,2023
dh0713,KLAES_Jan_Sebastian_Die_digitale_Schulbuch_Bibliothek_GEI_Di.xml,Poster,2023
dh0714,KLAFFKI_Lisa__Kann_man_da_eben_mal_was_eintragen_und_visuali.xml,Poster,2018
dh0715,KLAMMT_Anne_Forschungssoftware_rezensieren___Konzeption__Dur.xml,Workshop,2023
dh0716,KLEMSTEIN_Franziska_Denkmalpflege_in_der_DDR__Analoge_Netzwe.xml,Poster,2018
dh0717,KLEYMANN_Rabea_Perspektiven_kritischer_Interfaces_für_die_Di.xml,Vortrag,2018
dh0718,KLICHE_Fritz_Ein_Wizard_fЃr_die_Erschlieбung_strukturierter_Textdaten.txt,Poster,2015
dh0719,KLINGER_Roman_A_Reporting_Tool_for_Relational_Visualization_.xml,Vortrag,2018
dh0720,KLINGER_Roman_Digitale_Modellierung_von_Figurenkomplexität_a.xml,Vortrag,2018
dh0721,KNAUTH_Jürgen_OpenSource-Bibliotheken_und_-Tools_des_SeNeReKo-Projekts.txt,Poster,2015
dh0722,KNAUTH_Jürgen_Semantisch_Soziale_Netzwerkanalyse_am_Beispiel_buddhistischer_Texte_in_der_Pali_Sprache.txt,unbekannt,2014
dh0723,KNOTH_Alexander_Dokumentenarbeit_mit_hierarchisch_strukturie.xml,Vortrag,2018
dh0724,KOCH_Carina_Die_illustrierte_Postkarte_und_die_digitalen_Gei.xml,Poster,2018
dh0725,KÖHLER_Werner_Standardbildung_und_Linked_Open_Data_Forschungsinfrastrukturen_für_Gedächtnisorganisationen.txt,unbekannt,2014
dh0726,KOLBE_Ines__Werktitel_als_Wissensraum_____ber_die_Potentiale.xml,Vortrag,2023
dh0727,KOLLATZ_Thomas_Poster_Relationen_im_Raum_Visualisierung_topographischer.txt,unbekannt,2014
dh0728,KOLLATZ_Thomas_Vortrag_Relationen_im_Raum_Visualisierung_topographischer.txt,unbekannt,2014
dh0729,KONLE_Leonard_Analysing_Direct_Speech_in_German_Novels.xml,Vortrag,2018
dh0730,KONLE_Leonard_Gattungen_und_Emotionen_in_der_Lyrik_des_Reali.xml,Vortrag,2023
dh0731,KOPLENIG_Alexander_Prinzipielle_Probleme_der_Anwendung_statistischer_Signifikanztests.txt,unbekannt,2014
dh0732,"KORCHAGINA_Natalia_Database_of_historical_places,_persons_andlemmas.txt",Poster,2015
dh0733,KOU_HERREMA_Tianyi_Constructing_Multicultural_Germany__Narra.xml,DoctoralConsortium,2023
dh0734,KOUMPIS_Adamantios_Memes_produzieren_digitale_Gefühle__Die_S.xml,Poster,2018
dh0735,KRAUSE_Celia_Forschungsdateninfrastruktur_als_offene_Werksta.xml,Panel,2023
dh0736,KRAUTTER_Benjamin_Quantitatives__close_reading___Vier_mikroa.xml,Vortrag,2018
dh0737,KRAUTTER_Benjamin_Skalierungspraktiken_in_der_computergest_t.xml,Vortrag,2023
dh0738,KREY_Angela_Wittgensteins_Nachlass_Semantische_Annotation_von_Adjektiven.txt,unbekannt,2014
dh0739,KRÖBER_Cindy_GEPAM_Eine_interaktive_Informationsplattform_zur.txt,unbekannt,2014
dh0740,KRÖGER_Barbara_Germania_Sacra_Online_Das_Forschungsportal_für_kirchliche_Personen_und_Institutionen_bis_1810.txt,Poster,2015
dh0741,KRÖGER_Bärbel_Kleriker_des_Alten_Reiches_in_der_Digitalen_We.xml,Poster,2018
dh0742,KRONENWETT_Simone_Die_Macht_der_Daten___vom_konsequenten_Umg.xml,Poster,2018
dh0743,KRONENWETT_Simone_Digitale_Infrastrukturen_für_die_Geisteswissenschaften.txt,unbekannt,2014
dh0744,KRUG_Markus_Annotation_and_beyond___Using_ATHEN.xml,Workshop,2018
dh0745,KRÜGER_Bärbel_Klöster_und_Stifte_des_Alten_Reiches_im_Netz.txt,unbekannt,2014
dh0746,KUROCZYNSKI_Piotr_Pecha_Kucha_Virtuelle_Rekonstruktion_Allgemeine_Standards.txt,unbekannt,2014
dh0747,KURZMEIER_Michael_A_Quantitative_Analysis_of_Digital_Scholar.xml,Poster,2023
dh0748,KÜSTER_Marc_XMLPrint_ein_Werkzeug_zum_Satz_beliebiger_XMLDokumente.txt,unbekannt,2014
dh0749,L_CK_Christian_Standoff_Tools___Generische_Dienste_f_r_die_a.xml,Poster,2023
dh0750,LAMBERTZ_Michael_Open_Culture_im_Museum___Skandal_KULTUR_rel.xml,Vortrag,2023
dh0751,LANG_Matthias_Objekte_Raum_Zeit_Die_Archäologie_ein_Sonderfall.txt,unbekannt,2014
dh0752,LANG_Sabine__Mind_the_Gap___Von_L_cken_in_der_Provenienzfors.xml,Vortrag,2023
dh0753,LANG_Sarah_Data_Feminism_in_DH__Hackathon_und_Netzwerktreffe.xml,Workshop,2023
dh0754,LANGE_Felix_GenericViewer_Semantische_Annotation_und_3D_Informationen.txt,unbekannt,2014
dh0755,LAUBROCK_Jochen_Computationale_Beschreibung_visuellen_Materi.xml,Vortrag,2018
dh0756,LAUER_Gerhard_Kulturelle_Evolution__Zur_Kritik_der_literatur.xml,Vortrag,2018
dh0757,LEBHERZ_Daniel_Text_Mining_und_Computersimulation_zur_Analys.xml,Poster,2018
dh0758,LEGANOVIC_Oona_Anforderungen_und_Bedürfnisse_von_Geisteswissenschaftlern_an_einen_digital_gestützten.txt,Poster,2015
dh0759,LEHNER_Franz_Interdisziplinarität_als_Herausforderung_und_Hemmnis_für_eine_disziplinäre_Entwicklung_Digital.txt,unbekannt,2014
dh0760,LEMAIRE_Marina_Hands_on_Workshop_Datendokumentation.xml,Workshop,2023
dh0761,LEMKE_Matthias_PostDemocracy_and_Neoliberalism.txt,unbekannt,2014
dh0762,LINDEMANN_David__Lexikographie__Explizite_und_implizite_Vero.xml,Vortrag,2018
dh0763,LÖCKER_HERSCHKOWITZ_Johannes_A__Fachspezifische_Herausforder.xml,Vortrag,2018
dh0764,LOEBEL_Jens_Martin_Digitale_Wissenschaft___Eine_Podcastreihe.xml,Poster,2018
dh0765,LOEBEL_Jens-Martin_Semantische_Anreicherung_von_Bildnetzwerken_mit_HyperImage_und_Yenda_Das_Hachiman_Digital_Handscralls_Projekt.txt,Poster,2015
dh0766,LORDICK_Harald_Annotationen_anhand_der_Gemeinsamen_Normdatei.xml,Poster,2018
dh0767,LORDICK_Harald_Das_Wissen_der_Bilder_Spielarten_des_digitalen_Annotierens.txt,Poster,2015
dh0768,LÜCKE_Stephan_Das_Projekt_VerbaAlpina.txt,unbekannt,2014
dh0769,MANDL_Thomas_Hinterlistig___schelmisch___treulos___Sentiment.xml,Vortrag,2018
dh0770,MARA_Hubert_Geometrische_Verfahren_als_Brücke_zwischen_Text_und_Objekt.txt,Poster,2015
dh0771,MATHIAK_Brigitte_Nutzertests_an_kritischen_Editionen___Print.xml,Poster,2018
dh0772,MAYER_Desiree_Der_NFDI4Culture_Helpdesk___ein_Beratungsangeb.xml,Poster,2023
dh0773,MAYER_Manuela_Das_QhoD_Projekt__Digitale_Edition_von_Quellen.xml,Poster,2023
dh0774,MAYR_Eva_Digital_HUMANities___Eine_benutzerzentrierte_Perspe.xml,Vortrag,2018
dh0775,MEIER_VIERACKER_Simon_Was_hei_t_eigentlich__offen___Eine_kor.xml,Poster,2023
dh0776,MESZNER_Daniel_Gehör_verschaffen_Die_Produktion_und_Verbreitung_von_digitalen_Radiosendungen.txt,unbekannt,2014
dh0777,MOELLER_Katrin_Die_Summe_geisteswissenschaftlicher_Methoden_.xml,Panel,2018
dh0778,MOELLER_Katrin_Ist_kooperativ_jetzt_umsonst__Die_Ausweisung_.xml,Vortrag,2018
dh0779,MONDACA_Francisco_Syndred___A_Syntax_Driven_Editor_for_Lexic.xml,Poster,2018
dh0780,MÜLLER_Andreas_Digitized_Inhumanities__Qualitative_Inhaltsan.xml,Poster,2018
dh0781,MÜLLER_BIRN_Claudia_Wikidata__Nutzungsmöglichkeiten_und_Anwe.xml,Workshop,2018
dh0782,MÜLLER-BIRN_Claudia_neonion_Kollaboratives_semanitsches_Annotieren_von_Dokumenten_als_Mehrwert_für_das_Forschen_in_den_Geisteswissenschaften_und_der_Informatik.txt,Poster,2015
dh0783,MÜNSTER_Sander_Modellathon__Digitale_3D_Rekonstruktion__.xml,Workshop,2018
dh0784,MÜNSTER_Sander_Stadtgeschichtliche_Forschung_und_Vermittlung.xml,Poster,2018
dh0785,NANTKE_Julia_Algorithmen_gest_tzte_Analyse_visuell_materiell.xml,Vortrag,2023
dh0786,NASAREK_Robert_Die_Ontologie_historischer_deutschprachiger_B.xml,Vortrag,2018
dh0787,NEDO_Michael_Vernetzte_Datenstrukturen_als_Grundlage_philosophischer_Erkenntnisse.txt,Poster,2015
dh0788,NEOVESKY_Anna_IncipitSearch___Vernetzung_musikwissenschaftli.xml,Poster,2018
dh0789,NEUBER_Frederike_Alles_ist_im_Fluss___Ressourcen_und_Rezensi.xml,Panel,2018
dh0790,NEUBER_Frederike_Open_Jean_Paul.xml,Poster,2023
dh0791,NEUEFEIND_Claes__VedaWeb___eine_webbasierte_Plattform_für_di.xml,Poster,2018
dh0792,NEUROTH_Heike_DARIAH_DE_Aufbau_von_Forschungsinfrastrukturen_für_die_eHumanities.txt,unbekannt,2014
dh0793,NIEKLER_Andreas_Creating_dictionaries_for_argument_identification_by_reference_data.txt,unbekannt,2014
dh0794,NIEMANN_Klara_Datenaufbereitung_und__kuration_im_Spannungsfe.xml,Vortrag,2023
dh0795,NOICHL_Maximilian_PhilroBERTa__Ein_multilinguales_Sprachmode.xml,Vortrag,2023
dh0796,NOWAKOWSKI_Matthias_Forschungsperspektiven_zur_Interaktion_m.xml,Vortrag,2023
dh0797,ODEBRECHT_Carolin_Suche_und_Visualisierung_von_Annotationen_.xml,Workshop,2018
dh0798,OELTJEN_Wiebke_MyCoRe_Eine_Software_für_Repositorien_in_den_Geisteswissenschaften.txt,unbekannt,2014
dh0799,OVER_Berthold_MUSICI_und_MusMig_Kontinuitäten_und_Diskontinuitäten.txt,unbekannt,2014
dh0800,panel-FEIGE.xml,Panel,2017
dh0801,panel-HODEL.xml,Panel,2017
dh0802,panel-HOHMA.xml,Panel,2017
dh0803,panel-KURMA.xml,Panel,2017
dh0804,panel-KUROC.xml,Panel,2017
dh0805,panel-NIEBL.xml,Panel,2017
dh0806,panel-NOYER.xml,Panel,2017
dh0807,panel-REITE.xml,Panel,2017
dh0808,panel-SELTM.xml,Panel,2017
dh0809,panels-001.xml,Panel,2016
dh0810,panels-002.xml,Panel,2016
dh0811,panels-003.xml,Panel,2016
dh0812,panels-004.xml,Panel,2016
dh0813,panels-005.xml,Panel,2016
dh0814,panels-006.xml,Panel,2016
dh0815,PARASKEVOUDI_Nadia_Sonic_materialization_of_linguistic_data.txt,Poster,2015
dh0816,PERNES_Stefan_Big_complex_heterogeneous_Laufende_Projekte_aus_dem.txt,Poster,2015
dh0817,PETER_Birgit_Digitalisierung_eines_NS-Bildarchivs_Konstruktion_von_NS-Lebenswelt.txt,Poster,2015
dh0818,PETER_Dorothea_Der_Presenter_Eine_Webanwendung_zur_Visualisierung_und_Pr„sentation_von_individuell.txt,unbekannt,2014
dh0819,PETERSEN_FREY_Fynn_Erweiterbare__interaktive_Softwareplattfo.xml,DoctoralConsortium,2023
dh0820,PFEIFFER_Jasmin_Realität_programmieren__Zum_Einfluss_von_Alg.xml,Vortrag,2018
dh0821,PFEIL_Patrick_Digital_Humanities_in_der_Hochschullehre_Erfahrungen_aus_dem_Lern-Lehr-Projekt.txt,Poster,2015
dh0822,PHILIPPS_Axel_Visualisierung_von_Kultur_im_Web.txt,Poster,2015
dh0823,PHILIPPS_Axel_Zur_Sichtbarkeit_von_Street_Art_in_Flickr_Methodische_Reflexionen_zur_Zusammenarbeit.txt,unbekannt,2014
dh0824,PICHLER_Axel_Urheberrechtlich_gesch_tzte_Texte_nachnutzen___.xml,Poster,2023
dh0825,PIEL_Pattrick_Wie_die_OPERAS_Projekte_PRISM_und_TRIPLE_Open_.xml,Poster,2023
dh0826,PIELSTRÖM_Steffen__Embedded_Humanities.xml,Workshop,2018
dh0827,PIELSTRÖM_Steffen_LDA_Topic_Modeling_über_ein_graphisches_In.xml,Poster,2018
dh0828,PIOTROWSKI_Michael_Das_Labeling_System_ein_freier_Baukasten_für_kontrollierte_Vokabulare.txt,Poster,2015
dh0829,PITTROFF_Sarah_Bilder_im_Kontext__Die_Entwicklung_des_Corpus.xml,Vortrag,2023
dh0830,PLUTTE_Christoph_Die_DARIAHDE_Architektur_zur_forschungsorientierten_Föderation.txt,unbekannt,2014
dh0831,PÖCKELMANN_Marcus__Entwicklungsstand_im_Projekt_Digital_.xml,Poster,2018
dh0832,PODTERGERA_Irina_SlaVaComp_Kirchenslavisch_digital_wozu.txt,unbekannt,2014
dh0833,POLLIN_Christopher__MEDEA__Datenkonsistenz_mittels_Ontologie.xml,Poster,2018
dh0834,POLLIN_Christopher_DigEdTnT___Digital_Edition_Creation_Pipel.xml,Poster,2023
dh0835,poster-BAILL.xml,Poster,2017
dh0836,poster-BAUMA.xml,Poster,2017
dh0837,poster-BREIT.xml,Poster,2017
dh0838,poster-BUERG.xml,Poster,2017
dh0839,poster-BURGH.xml,Poster,2017
dh0840,poster-DOEHL.xml,Poster,2017
dh0841,poster-DRUSK.xml,Poster,2017
dh0842,poster-EDERE.xml,Poster,2017
dh0843,poster-ENGEL.xml,Poster,2017
dh0844,poster-GRUMT.xml,Poster,2017
dh0845,poster-HEGEL.xml,Poster,2017
dh0846,poster-HELLR.xml,Poster,2017
dh0847,poster-HERME.xml,Poster,2017
dh0848,poster-HOHEN.xml,Poster,2017
dh0849,poster-KLUGH.xml,Poster,2017
dh0850,poster-KUCZE.xml,Poster,2017
dh0851,poster-LAUBR.xml,Poster,2017
dh0852,poster-LEJTO.xml,Poster,2017
dh0853,poster-MATHI.xml,Poster,2017
dh0854,poster-ODEBR.xml,Poster,2017
dh0855,poster-PEUKE.xml,Poster,2017
dh0856,poster-PIELS.xml,Poster,2017
dh0857,poster-POECK.xml,Poster,2017
dh0858,poster-PONZE.xml,Poster,2017
dh0859,poster-REGER.xml,Poster,2017
dh0860,poster-RIECH.xml,Poster,2017
dh0861,poster-SCHAE.xml,Poster,2017
dh0862,poster-SCHEL.xml,Poster,2017
dh0863,poster-SCHUJ.xml,Poster,2017
dh0864,poster-SCHUL.xml,Poster,2017
dh0865,poster-SELTM.xml,Poster,2017
dh0866,poster-TABTI.xml,Poster,2017
dh0867,poster-VANDY.xml,Poster,2017
dh0868,poster-WETTL.xml,Poster,2017
dh0869,poster-WUTTK.xml,Poster,2017
dh0870,poster-ZIRKE.xml,Poster,2017
dh0871,posters-001.xml,Poster,2016
dh0872,posters-003.xml,Poster,2016
dh0873,posters-004.xml,Poster,2016
dh0874,posters-005.xml,Poster,2016
dh0875,posters-006.xml,Poster,2016
dh0876,posters-007.xml,Poster,2016
dh0877,posters-008.xml,Poster,2016
dh0878,posters-009.xml,Poster,2016
dh0879,posters-010.xml,Poster,2016
dh0880,posters-011.xml,Poster,2016
dh0881,posters-012.xml,Poster,2016
dh0882,posters-013.xml,Poster,2016
dh0883,posters-014.xml,Poster,2016
dh0884,posters-015.xml,Poster,2016
dh0885,posters-016.xml,Poster,2016
dh0886,posters-017.xml,Poster,2016
dh0887,posters-018.xml,Poster,2016
dh0888,posters-019.xml,Poster,2016
dh0889,posters-02.xml,Poster,2016
dh0890,posters-020.xml,Poster,2016
dh0891,posters-021.xml,Poster,2016
dh0892,posters-022.xml,Poster,2016
dh0893,posters-023.xml,Poster,2016
dh0894,posters-024.xml,Poster,2016
dh0895,posters-025.xml,Poster,2016
dh0896,posters-026.xml,Poster,2016
dh0897,posters-027.xml,Poster,2016
dh0898,posters-028.xml,Poster,2016
dh0899,posters-029.xml,Poster,2016
dh0900,posters-030.xml,Poster,2016
dh0901,posters-031.xml,Poster,2016
dh0902,posters-032.xml,Poster,2016
dh0903,posters-033.xml,Poster,2016
dh0904,posters-034.xml,Poster,2016
dh0905,posters-035.xml,Poster,2016
dh0906,posters-036.xml,Poster,2016
dh0907,posters-037.xml,Poster,2016
dh0908,posters-038.xml,Poster,2016
dh0909,posters-039.xml,Poster,2016
dh0910,posters-040.xml,Poster,2016
dh0911,posters-041.xml,Poster,2016
dh0912,posters-042.xml,Poster,2016
dh0913,posters-043.xml,Poster,2016
dh0914,posters-044.xml,Poster,2016
dh0915,posters-045.xml,Poster,2016
dh0916,posters-047.xml,Poster,2016
dh0917,posters-048.xml,Poster,2016
dh0918,posters-049.xml,Poster,2016
dh0919,posters-050.xml,Poster,2016
dh0920,posters-051.xml,Poster,2016
dh0921,posters-052.xml,Poster,2016
dh0922,posters-053.xml,Poster,2016
dh0923,posters-054.xml,Poster,2016
dh0924,posters-055.xml,Poster,2016
dh0925,posters-056.xml,Poster,2016
dh0926,posters-057.xml,Poster,2016
dh0927,posters-058.xml,Poster,2016
dh0928,posters-059.xml,Poster,2016
dh0929,posters-060.xml,Poster,2016
dh0930,posters-062.xml,Poster,2016
dh0931,posters-063.xml,Poster,2016
dh0932,posters-064.xml,Poster,2016
dh0933,posters-065.xml,Poster,2016
dh0934,posters-067.xml,Poster,2016
dh0935,posters-068.xml,Poster,2016
dh0936,posters-069.xml,Poster,2016
dh0937,posters-070.xml,Poster,2016
dh0938,posters-071.xml,Poster,2016
dh0939,posters-072.xml,Poster,2016
dh0940,posters-073.xml,Poster,2016
dh0941,posters-074.xml,Poster,2016
dh0942,posters-075.xml,Poster,2016
dh0943,posters-076.xml,Poster,2016
dh0944,posters-077.xml,Poster,2016
dh0945,posters-078.xml,Poster,2016
dh0946,posters-079.xml,Poster,2016
dh0947,posters-1.xml,Poster,2016
dh0948,posters-66.xml,Poster,2016
dh0949,POURTSKHVANIDZE_Zakharia_Visualisierung_von_Informationsgliederungen.txt,Poster,2015
dh0950,PROISL_Thomas_Delta_vs__N_Gram_Tracing__Wie_robust_ist_die_A.xml,Poster,2018
dh0951,R_DIGER_Jan_Oliver_OWIDplusLIVE___Tagesaktuelle_N_Gramm_Anal.xml,Poster,2023
dh0952,RADECKE_Gabriele_Theodor_Fontanes_Notizbücher_Konzept_und_Beispiele_der_genetisch_kritischen_und_kommentierten_Hybrid_Edition.txt,unbekannt,2014
dh0953,RADISCH_Erik_Buddhist_Murals_of_Kucha_on_the_Northern_Silk_R.xml,Poster,2023
dh0954,RADISCH_Erik_Contextualizing_Bandera__Ein_Distant_Watching_A.xml,Vortrag,2018
dh0955,RASTINGER_Nina_C__Listen_in_historischen_Zeitungen__Herausfo.xml,DoctoralConsortium,2023
dh0956,RAU_Felix_Audio_Mining_für_die_Geistes__und_Kulturwissenscha.xml,Workshop,2018
dh0957,RAUNIG_Michael_Digitale_Methoden_sind_weder_digital_noch_inn.xml,Vortrag,2018
dh0958,REBORA_Simone_The_Tiroler_Soldaten_Zeitung_and_its_.xml,Vortrag,2018
dh0959,REITER_Nils_Computerlinguistische_Verfahren_zur_Aufdeckung_struktureller_hnlichkeiten_in_Narrativen.txt,Poster,2015
dh0960,REITER_Nils_Maschinelles_Lernen_lernen__Ein_CRETA_Hackatoria.xml,Workshop,2018
dh0961,REITER_Nils_SANTA__Systematische_Analyse_Narrativer_Texte_du.xml,Vortrag,2018
dh0962,RENSINGHOFF_Berenike_3D__und_4D_Modellierung_in_den_Digital_.xml,Workshop,2023
dh0963,RESCH_Claudia_Historische_Zeitungen_kollaborativ_erschließen.xml,Vortrag,2018
dh0964,REUL_Christian_Synoptische_Interfaces_Digitaler_Editionen.xml,Vortrag,2023
dh0965,RIEPL_Christian_Was_ich_nicht_weiß_macht_mich_heiß_Zum_Mehrwert_der_Anwendung_informatischer_Methoden.txt,unbekannt,2014
dh0966,RIPPERGER_Hannah_Virtuelle_Rekonstruktion_des_Regensburger_Ballhauses.txt,Poster,2015
dh0967,ROEDER_Torsten_Greening_DH__individuelle_Handlungsspielr_ume.xml,Workshop,2023
dh0968,ROEDER_Torsten_Horizontales_Lesen__Das__Verdi_Requiem__und_d.xml,Vortrag,2018
dh0969,ROLSHOVEN_Jürgen_Strings_Structures.xml,Poster,2018
dh0970,ROSENTHAL_Maximilian_Musikgeschichte_im_distant_reading__Pr_.xml,Vortrag,2023
dh0971,RÜDIGER_Jan_Oliver_CorpusExplorer_v2_0___Seminartauglich_in_.xml,Workshop,2018
dh0972,RUIZ_FABO_Pablo_DISCO__Diachronic_Spanish_Sonnet_Corpus.xml,Poster,2018
dh0973,SAHLE_Patrick_DH_Gibts_doch_gar_nicht_Integration_oder_Desintegration_der_Digital_Humanities.txt,unbekannt,2014
dh0974,SATJUKOW_Silke_Erinnerungskulturen_im_World_Wide_Web_digitale_Werkzeuge_zur_Suche.txt,unbekannt,2014
dh0975,SCHASSAN_Torsten__Im_Netz_der_Möglichkeiten___Wechselwirkung.xml,Vortrag,2018
dh0976,SCHELBERT_Georg_Imagelab_Digitale_Bildwerkzeuge_in_Forschung_und_Lehre.txt,unbekannt,2014
dh0977,SCHELBERT_Georg_Sammlungsdaten_mit_Wikidata_anreichern_und_f.xml,Vortrag,2023
dh0978,SCHENK_Nicolas_Vom_Heben_verborgener_Sch_tze___Literarische_.xml,Vortrag,2023
dh0979,SCHEUERMANN_Leif_ICEAGE_Von_der_Anwendungsinsel _zum_digitalen_Marktplatz_und_Hörsaal.txt,unbekannt,2014
dh0980,SCHILZ_Andrea_Exakt_Historisch_im_Digitalen__Versu.xml,Vortrag,2018
dh0981,SCHIRMER_Miriam_Mixed_Methods_in_der_Genozidforschung.xml,DoctoralConsortium,2023
dh0982,SCHLESINGER_Claus_Michael_Die_Max_Bense_Collection__Digitale.xml,Poster,2018
dh0983,SCHLÖGL_Matthias_Biographik_in_den_Digital_Humanities___Krit.xml,Poster,2018
dh0984,SCHLUPKOTHEN_Frederik_Zwischen_Polysemie_und_Formalisierung_.xml,Vortrag,2018
dh0985,SCHMIDT_Thomas__Kann_man_denn_auch_nicht_lachend_sehr_ernsth.xml,Vortrag,2018
dh0986,SCHNEIDER_Philipp_Knowledge_Graph_Design_in_der_Forschungspr.xml,Vortrag,2023
dh0987,SCHNEIDER_Stefanie_Re__ARTigo__Neuentwurf_eines_Social_Taggi.xml,Vortrag,2023
dh0988,SCHÖCH_Christof_Burrows_Zeta__Varianten_und_Evaluation.xml,Vortrag,2018
dh0989,SCHÖCH_Christof_Für_eine_computergestützte_literarische_Gattungsstilistik.txt,unbekannt,2014
dh0990,SCHOLGER_Walter_Freier_Wissenszugang_gegen_Geistiges_Eigentum_Hürden_und_Lösungsmodelle.txt,unbekannt,2014
dh0991,SCHOLGER_Walter_Rechtsfragen_in_DH_Projekten__Alles__was_man.xml,Workshop,2018
dh0992,SCHOLZ_Martin_Digitale_Sammlungserschlie_ung_mit_WissKI_und_.xml,Workshop,2018
dh0993,SCHOLZ_Martin_Digitalisierung_der_Universitätssammlungen_der_FAU_Erlangen_Nünberg.txt,Poster,2015
dh0994,SCHOLZ_Martin_Objekte_im_Netz___Die_Digitalisierung_der_Samm.xml,Vortrag,2018
dh0995,SCHÖPF_Jürgen_Besonderheiten_audiovisueller_Forschungsarchive_in_den.txt,unbekannt,2014
dh0996,SCHRADE_Torsten_Research_Software_Engineering_und_Digital_Hu.xml,Workshop,2018
dh0997,SCHREIBER_Carolin_Pilotphase_Handschriftendigitalisierung.txt,unbekannt,2014
dh0998,SCHUBERT_Charlotte_Workshop_eComparatio__Textvergleich_und_d.xml,Workshop,2018
dh0999,SCHULZ_Daniela_Abgrenzung_oder_Entgrenzung__Zum_Spannungsver.xml,Panel,2018
dh1000,SCHULZ_Daniela_Erfahrungen_aus_dem_Bibliotheca_legum_Projekt._Zum_Aufbau_einer_Handschriftendatenbank.txt,Poster,2015
dh1001,SCHULZ_Daniela_Offene_Editionen___Die_Task_Area_Editionen_im.xml,Poster,2023
dh1002,SCHUMACHER_Mareike_DisKo__Zur_Einbindung_von_Citizen_Humanit.xml,Vortrag,2023
dh1003,SCHUMACHER_Mareike_GitMA_oder_CATMA_f_r_Fortgeschrittene.xml,Workshop,2023
dh1004,SCHUSTER_Katharina_Einfluss_immersiver_Benutzerschnittstellen_auf_kognitive_Prozesse.txt,unbekannt,2014
dh1005,SCHWAB_Michel__Die_Greta_Garbo_der_Leichtathletik____Eine_sy.xml,Vortrag,2023
dh1006,SCHWENGELBECK_Isabel_TEI_Editionswerkstatt_Urkunden_UPB__.xml,Poster,2018
dh1007,SEIDEL_Henry_DH_Toolvergleich_im_Hinblick_auf_Texte_historis.xml,Poster,2018
dh1008,SEIFERT_Sabine_Gelehrsamkeit_will_verlinkt_werden._Zur_digitalen_Erschlieáung_von_August_Boeckhs_Nachlass_und_Bibliothek.txt,Poster,2015
dh1009,sektionen-001.xml,Sektion,2016
dh1010,sektionen-002.xml,Sektion,2016
dh1011,sektionen-003.xml,Sektion,2016
dh1012,sektionen-004.xml,Sektion,2016
dh1013,sektionen-005.xml,Sektion,2016
dh1014,SELTMANN_Melanie__Kollaborativ_arbeiten_und_annotieren___Die.xml,Poster,2018
dh1015,SELTMANN_Melanie_Elisabeth_H___PublicDH_oder_doch_nur__WissK.xml,Vortrag,2023
dh1016,SELTMANN_Melanie_Elisabeth_H__Die_perfekte_digitale_Open_Acc.xml,Workshop,2023
dh1017,SEMLAK_Martina_Digitale_Edition_als_Methode_kunsthistorischer_Forschung_Die_Werktagebücher_von_Hartmut_Skerbisch.txt,unbekannt,2014
dh1018,SIMEK_Jakub_Eine_digitale_Ausgabe_des_Welschen_Gastes_als_Chance.txt,unbekannt,2014
dh1019,"SIMEK_JAKUB_Kodierung,_Analyse_und_Visualisierung_mittelalterlicher_Kodexstrukturen_im_editorischen_Kontext.txt",Poster,2015
dh1020,SLUYTER_G_THJE_Henny_Opening_a_Journal__Erfahrungen_bei_der_.xml,Poster,2023
dh1021,SOETHAERT_Bart_Offenheit_durch_Dokumentation__Lose_Forschung.xml,Vortrag,2023
dh1022,SONDERGELD_Ute_Europeana_Sounds_Ein_Portal_zu_Europas_klingendem_Kulturerbe.txt,Poster,2015
dh1023,SPORLEDER_Caroline_Chancen_und_Grenzen_von_Digitalen_Methode.xml,Poster,2018
dh1024,SPRINGMANN_Uwe_Zur_OCR_frühneuzeitlicher_Drucke_am_Beispiel_des_RIDGES-Korpus_von_Kräutertexten.txt,Poster,2015
dh1025,STADLER_Peter__Storied_Collections___Ein_kritischer_Blick_au.xml,Panel,2018
dh1026,STAHN_Lena_Luise_Von_Wissensdingen_und_Werkr_umen__Graph_bas.xml,DoctoralConsortium,2023
dh1027,STARK_Martin_Digital_Humanities_und_Digitale_Netzwerkkarten_VennMaker_als_Softwarewerkzeug.txt,unbekannt,2014
dh1028,STCKER_Thomas_ADHO_Special_Interest_Group_for_Libraries_and_Digital_Humanities.txt,Poster,2015
dh1029,STEINER_Andrea_Common Names 4 living organisms @ EUROPEANA Ein Beispiel für Mehrwert durch interdisziplinäre Kollaboration.txt,Poster,2015
dh1030,STEINER_Elisabeth_Sharing_the_CROWN___Von_Sammlungsdaten_zu_.xml,Poster,2023
dh1031,STEINER_Elisabeth_Virtuelle_Ausstellungen_und_Rundgänge__dig.xml,Poster,2018
dh1032,STEYER_Timo_Peer_to_Peer_statt_Client_Server__Der_Mehrwert_k.xml,Poster,2018
dh1033,STIEGLECKER_Maria_WZIS_und_Bernstein_Die_digitale_Erschließung.txt,unbekannt,2014
dh1034,STIGLER_Johannes_GAMS_Geisteswissenschaftliches_Asset_Management_System.txt,unbekannt,2014
dh1035,STÖRL_Uta_Kooperatives_Forschungsprojekt_Online_Brief_Datenbank.txt,unbekannt,2014
dh1036,STROBEL_Jochen_Zur_Zukunft_der_Digitalen_Briefedition___koop.xml,Workshop,2018
dh1037,SU_REZ_CRONAUER_Elena_Korrespondenzen_der_Fr_hromantik__Ein_.xml,Vortrag,2023
dh1038,SUTOR_Nadine_Doctoral_Consortium__Nadine_Sutor.xml,DoctoralConsortium,2023
dh1039,TABTI_Samira_What_do_you_do_with_5_million_posts__Versuche_z.xml,Vortrag,2018
dh1040,TENHAEF_Tobias_APW_digital_Perspektiven_einer_digitalisierten_Edition.txt,unbekannt,2014
dh1041,THALLER_Manfred_Digital_Humanities_als_Beruf_Der_Weg_zu_einem_Curriculum.txt,unbekannt,2014
dh1042,THODEN_Klaus_Forschung__Informationswissenschaft_und_Archiv_.xml,Vortrag,2023
dh1043,THULL_Bernhard_Entwicklung_des_digitalen_Tanzarchivs_der_Pina_Bausch_Stiftung.txt,unbekannt,2014
dh1044,TIETZ_Tabea_Knowledge_Graph_basierte_Forschungsdatenintegrat.xml,Vortrag,2023
dh1045,TRATTER_Aaron_Rudolf_Ambraser_Heldenbuch__Transkription_und_.xml,Poster,2018
dh1046,TRENKLE_Viktoria_Schrift_und_Zeichen_Computergestützte_Analyse_von_hochmittelalterlichen_Papsturkunden.txt,unbekannt,2014
dh1047,TRILCKE_Peer_Dramenquartett___Eine_didaktische_Intervention.xml,Poster,2018
dh1048,TRILCKE_Peer_Open_Archives_VR__Ein_3D_Modell_des_Theodor_Fon.xml,Poster,2023
dh1049,TRIPPEL_Thorsten_CLARIN_D_eine_Forschungsinfrastruktur_für_die_Geistes_und_Sozialwissenschaften.txt,unbekannt,2014
dh1050,TRIPPEL_Thorsten_Gute_Forschungsdaten__bessere_Forschung__wi.xml,Panel,2018
dh1051,TRIPPEL_Thorsten_Korpora_modular__verteilt__vernetzt_in_Text.xml,Vortrag,2023
dh1052,TU_Ngoc_Duyen_Tanja_Projektvorstellung___Sprachanfragen__Emp.xml,Poster,2023
dh1053,ULLRICH_Sabine__Aufdecken_von__versteckten__Einflüssen__Teil.xml,Poster,2018
dh1054,VARACHKINA_Hanna_Pipelines_f_r_Natural_Language_Processing_u.xml,Workshop,2023
dh1055,VASOLD_Gunter_Unterstützung_von_Forschungsprozessen_in_einem_internationalen_Forschungsprojekt.txt,unbekannt,2014
dh1056,VERTAN_Christina_Das_Balkanbild_in_Deutschland_während_der_letzten_300_Jahre.txt,unbekannt,2014
dh1057,VERTAN_Cristina_Eine_Fallstudie_zur_Annotation_von_Vagheit_i.xml,Poster,2018
dh1058,VIEHHAUSER_Gabriel_Historische_Stilometrie_Methodische_Vorschläge_für_eine_Annäherung.txt,unbekannt,2014
dh1059,VOGELER_Georg_Building_a_virtual_research_environment_to_mov.xml,Poster,2023
dh1060,VOGELER_Georg_Warum_werden_mittelalterliche_und_frühneuzeitliche_Rechnungsbücher_eigentlich_nicht_digital_ediert.txt,unbekannt,2014
dh1061,VON_PIPPICH_Waltraud_Von_der_Kurve_zur_Epoche_Wie_Rotquantitäten_in_Bildern_Aussagen_über_Epoche.txt,unbekannt,2014
dh1062,VON_SCHWERIN_Jennifer_Verbundprojekt_MayaArch3D_Ein_webbasiertes_3D_GIS_zur_Analyse.txt,unbekannt,2014
dh1063,vortraege-001.xml,Vortrag,2016
dh1064,vortraege-002.xml,Vortrag,2016
dh1065,vortraege-003.xml,Vortrag,2016
dh1066,vortraege-004.xml,Vortrag,2016
dh1067,vortraege-005.xml,Vortrag,2016
dh1068,vortraege-006.xml,Vortrag,2016
dh1069,vortraege-007.xml,Vortrag,2016
dh1070,vortraege-008.xml,Vortrag,2016
dh1071,vortraege-009.xml,Vortrag,2016
dh1072,vortraege-010.xml,Vortrag,2016
dh1073,vortraege-011.xml,Vortrag,2016
dh1074,vortraege-012.xml,Vortrag,2016
dh1075,vortraege-013.xml,Vortrag,2016
dh1076,vortraege-014.xml,Vortrag,2016
dh1077,vortraege-015.xml,Vortrag,2016
dh1078,vortraege-016.xml,Vortrag,2016
dh1079,vortraege-017.xml,Vortrag,2016
dh1080,vortraege-018.xml,Vortrag,2016
dh1081,vortraege-019.xml,Vortrag,2016
dh1082,vortraege-020.xml,Vortrag,2016
dh1083,vortraege-021.xml,Vortrag,2016
dh1084,vortraege-022.xml,Vortrag,2016
dh1085,vortraege-023.xml,Vortrag,2016
dh1086,vortraege-024.xml,Vortrag,2016
dh1087,vortraege-025.xml,Vortrag,2016
dh1088,vortraege-026.xml,Vortrag,2016
dh1089,vortraege-027.xml,Vortrag,2016
dh1090,vortraege-029.xml,Vortrag,2016
dh1091,vortraege-030.xml,Vortrag,2016
dh1092,vortraege-031.xml,Vortrag,2016
dh1093,vortraege-032.xml,Vortrag,2016
dh1094,vortraege-033.xml,Vortrag,2016
dh1095,vortraege-034.xml,Vortrag,2016
dh1096,vortraege-035.xml,Vortrag,2016
dh1097,vortraege-036.xml,Vortrag,2016
dh1098,vortraege-037.xml,Vortrag,2016
dh1099,vortraege-038.xml,Vortrag,2016
dh1100,vortraege-039.xml,Vortrag,2016
dh1101,vortraege-040.xml,Vortrag,2016
dh1102,vortraege-041.xml,Vortrag,2016
dh1103,vortraege-042.xml,Vortrag,2016
dh1104,vortraege-043.xml,Vortrag,2016
dh1105,vortraege-044.xml,Vortrag,2016
dh1106,vortraege-045.xml,Vortrag,2016
dh1107,vortraege-046.xml,Vortrag,2016
dh1108,vortraege-047.xml,Vortrag,2016
dh1109,vortraege-048.xml,Vortrag,2016
dh1110,vortraege-049.xml,Vortrag,2016
dh1111,vortraege-051.xml,Vortrag,2016
dh1112,vortraege-052.xml,Vortrag,2016
dh1113,vortraege-054.xml,Vortrag,2016
dh1114,vortraege-055.xml,Vortrag,2016
dh1115,vortraege-056.xml,Vortrag,2016
dh1116,vortraege-057.xml,Vortrag,2016
dh1117,vortraege-058.xml,Vortrag,2016
dh1118,vortraege-059.xml,Vortrag,2016
dh1119,vortraege-060.xml,Vortrag,2016
dh1120,vortraege-061.xml,Vortrag,2016
dh1121,vortraege-062.xml,Vortrag,2016
dh1122,vortraesge-053.xml,Vortrag,2016
dh1123,vortrag-BARTH.xml,Vortrag,2017
dh1124,vortrag-CZMIE.xml,Vortrag,2017
dh1125,vortrag-DAENG.xml,Vortrag,2017
dh1126,vortrag-DAXEN.xml,Vortrag,2017
dh1127,vortrag-DIMPE.xml,Vortrag,2017
dh1128,vortrag-DOERK.xml,Vortrag,2017
dh1129,vortrag-ECHEL.xml,Vortrag,2017
dh1130,vortrag-FASSH.xml,Vortrag,2017
dh1131,vortrag-FISCH.xml,Vortrag,2017
dh1132,vortrag-GIUSE.xml,Vortrag,2017
dh1133,vortrag-GOEDE.xml,Vortrag,2017
dh1134,vortrag-GROSS.xml,Vortrag,2017
dh1135,vortrag-GRUEN.xml,Vortrag,2017
dh1136,vortrag-HERRM.xml,Vortrag,2017
dh1137,vortrag-LANGE.xml,Vortrag,2017
dh1138,vortrag-MATSC.xml,Vortrag,2017
dh1139,vortrag-MEISE.xml,Vortrag,2017
dh1140,vortrag-MESSE.xml,Vortrag,2017
dh1141,vortrag-MUENS.xml,Vortrag,2017
dh1142,vortrag-NEUEF.xml,Vortrag,2017
dh1143,vortrag-PAUSE.xml,Vortrag,2017
dh1144,vortrag-PERNE.xml,Vortrag,2017
dh1145,vortrag-REGER.xml,Vortrag,2017
dh1146,vortrag-RISSL.xml,Vortrag,2017
dh1147,vortrag-SCHIL.xml,Vortrag,2017
dh1148,vortrag-SCHOE.xml,Vortrag,2017
dh1149,vortrag-SCHRA.xml,Vortrag,2017
dh1150,vortrag-SCHUM.xml,Vortrag,2017
dh1151,vortrag-SNICK.xml,Vortrag,2017
dh1152,vortrag-THODE.xml,Vortrag,2017
dh1153,vortrag-TRILC.xml,Vortrag,2017
dh1154,vortrag-VONWA.xml,Vortrag,2017
dh1155,vortrag-WAGNE.xml,Vortrag,2017
dh1156,vortrag-WALKO.xml,Vortrag,2017
dh1157,vortrag-WINDH.xml,Vortrag,2017
dh1158,vortrag-ZIHLM.xml,Vortrag,2017
dh1159,WAGNER_Sarah_How_to_Open_Heritage__Digitale_Erschlie_ungskon.xml,Vortrag,2023
dh1160,WEBER_Gerrit_Will_in_Town_ein_Location_based_Game.txt,unbekannt,2014
dh1161,WEHRHEIM_Lino__Auch_heute_war_die_Stimmung_im_Allgemeinen_fe.xml,Vortrag,2023
dh1162,WEIMER_Lukas_NFDI4Culture_und_Text____Kartierung_einer_Zusam.xml,Poster,2023
dh1163,WEIS_Joelle_Fabrikation_von_Erkenntnis__Experimente_in_den_D.xml,Poster,2023
dh1164,WETTLAUFER_J_rg_Semantic_Web_und_Linked_Open_Data_in_den_Ges.xml,Workshop,2023
dh1165,WETTLAUFER_Jörg_Digital_Humanities_und_Interdisziplinarität_Thesen_für_eine_Kooperation.txt,unbekannt,2014
dh1166,WIENEKE_Lars_The_History_of_Europe_App_A_pipeline_for_Humanist_Machine_Interaction.txt,unbekannt,2014
dh1167,WINDHAGER_Florian_Data_Driven_Storytelling_zu_kulturellen_Ob.xml,Workshop,2023
dh1168,WINDHAGER_Florian_Skalierbare_Blicke_auf_Leben_und_Werk__Vis.xml,Workshop,2023
dh1169,WINDHAGER_Florian_Zur_Weiterentwicklung_des__cognition_suppo.xml,Vortrag,2018
dh1170,WINTJES_Jorit_Die_historische_Konfliktsimulation_als_wissens.xml,Vortrag,2023
dh1171,WISSIK_Tanja_ELEXIS___Eine_europäische_Forschungsinfrastrukt.xml,Poster,2018
dh1172,WISSIK_Tanja_MeuchelmörderInnen__KindsmörderInnen__DiebInnen.xml,Poster,2018
dh1173,WOHLFAHRTER_Eva_JENSITES_Schriften_einer_Totenbruderschaft_digital.txt,Poster,2015
dh1174,WOLFF_Kerstin_Frauenfragen_um_1900_als_Gegenstand_kontroverser_Kommunikation_im_Umkreis.txt,unbekannt,2014
dh1175,workshop-GRADL.xml,Workshop,2017
dh1176,workshop-HANNE.xml,Workshop,2017
dh1177,workshop-HODEL.xml,Workshop,2017
dh1178,workshop-JOHNS.xml,Workshop,2017
dh1179,workshop-KAMPK.xml,Workshop,2017
dh1180,workshop-KOLLA.xml,Workshop,2017
dh1181,workshop-POHLO.xml,Workshop,2017
dh1182,workshop-REITE.xml,Workshop,2017
dh1183,workshops-001.xml,Workshop,2016
dh1184,workshops-002.xml,Workshop,2016
dh1185,workshops-003.xml,Workshop,2016
dh1186,workshops-004.xml,Workshop,2016
dh1187,workshops-005.xml,Workshop,2016
dh1188,workshops-006.xml,Workshop,2016
dh1189,workshops-007.xml,Workshop,2016
dh1190,workshops-008.xml,Workshop,2016
dh1191,workshops-009.xml,Workshop,2016
dh1192,WÜBBENA_Thorsten_Losing_My_Religion_Einsatz_einer_Videoannotationsdatenbank_in_der_kunstgeschichtlichen.txt,unbekannt,2014
dh1193,WUTTKE_Ulrike_Herausforderung__Lesson_Learned_oder_Chance__D.xml,Panel,2023
dh1194,ZEHETNER_Elisabeth_Neue_Wege_des_Sammelns_Erfassens_und_Erforschens_Die_Datenbank_Dialect_Cultures.txt,Poster,2015
dh1195,ZIRKER_Angelika_Ambiguität_und_Annotation__Herausforderungen.xml,Vortrag,2018
dh1196,ZIRKER_Angelika_TEASys__Kollaborative_digitale_Annotationen_.xml,Poster,2018
