name,gender,genderProbability,country,countryProbability
Thomas,male,1,AT,0.116
Andreas,male,1,AT,0.187
Michael,male,1,AT,0.064
Stefan,male,1,AT,0.145
Martin,male,1,CZ,0.138
Peter,male,1,SK,0.132
Sebastian,male,1,PL,0.118
Daniel,male,1,GH,0.037
Jan,male,0.91,CZ,0.209
Florian,male,1,AT,0.261
Matthias,male,1,DE,0.38
Anna,female,0.99,PL,0.131
Markus,male,1,AT,0.325
Alexander,male,1,RU,0.1
Johannes,male,1,AT,0.259
Christoph,male,1,AT,0.453
Eva,female,0.99,CZ,0.153
Susanne,female,0.99,DK,0.301
Katharina,female,0.99,AT,0.402
David,male,1,GB,0.044
Frank,male,1,DE,0.087
Elisabeth,female,1,AT,0.201
Julia,female,0.99,UA,0.082
Barbara,female,1,PL,0.089
Maximilian,male,1,DE,0.404
Bernhard,male,1,AT,0.599
Fabian,male,1,CO,0.105
Dominik,male,0.99,PL,0.204
Oliver,male,1,DE,0.135
Ulrike,female,0.99,AT,0.405
Tobias,male,1,DE,0.291
Patrick,male,1,BE,0.057
Anne,female,1,MQ,0.135
Katrin,female,0.99,DE,0.256
Lisa,female,1,US,0.075
Sarah,female,1,GB,0.069
Simon,male,1,GB,0.073
Timo,male,1,FI,0.71
Thorsten,male,1,DE,0.71
Benjamin,male,1,GH,0.115
Claudia,female,1,CL,0.101
Melanie,female,1,DE,0.124
Simone,female,0.77,IT,0.216
Stephan,male,1,DE,0.232
Kristina,female,1,LT,0.117
Robert,male,1,PL,0.062
Maria,female,1,PT,0.064
Nils,male,1,MQ,0.341
Lukas,male,1,AT,0.177
Marco,male,1,IT,0.206
Klaus,male,1,DE,0.294
Martina,female,0.99,CZ,0.247
Sabine,female,0.99,AT,0.283
Anke,female,0.99,DE,0.402
Franziska,female,0.99,DE,0.463
Sven,male,1,DE,0.308
Christopher,male,1,US,0.071
Miriam,female,1,MX,0.067
Torsten,male,1,DE,0.57
Steffen,male,1,DE,0.372
Felix,male,1,GH,0.09
Marcus,male,1,SE,0.211
Carolin,female,0.99,DE,0.449
Andrea,female,0.82,IT,0.113
Marie,female,0.99,CI,0.108
Gerhard,male,1,AT,0.603
Stefanie,female,0.99,DE,0.293
Philipp,male,1,AT,0.366
Malte,male,0.99,DE,0.54
Franz,male,0.99,AT,0.523
Heike,female,0.99,DE,0.649
Lars,male,1,DK,0.363
Christine,female,1,AT,0.058
André,male,1,BR,0.186
Vera,female,0.99,PT,0.126
Christiane,female,0.99,DE,0.159
Joachim,male,1,DE,0.214
Björn,male,1,SE,0.642
Elena,female,1,RU,0.137
Dennis,male,1,KE,0.112
Jana,female,0.99,CZ,0.486
Jens,male,1,DK,0.469
Anja,female,0.99,DE,0.167
Roberto,male,1,IT,0.116
Manuel,male,1,PT,0.095
Georg,male,0.99,AT,0.46
Frederik,male,1,DK,0.527
Jonas,male,1,SE,0.27
Jörg,male,1,DE,0.6
Juliane,female,0.99,DE,0.328
Jochen,male,1,DE,0.522
Angelika,female,0.99,PL,0.298
Kerstin,female,0.99,SE,0.31
Dirk,male,1,BE,0.326
Erik,male,1,SE,0.16
Henning,male,1,DK,0.463
Ben,male,0.99,TN,0.149
Friedrich,male,1,AT,0.58
Sandra,female,1,CO,0.073
Mark,male,1,PH,0.096
Uwe,male,1,DE,0.662
Axel,male,0.99,DE,0.113
Jürgen,male,1,DE,0.471
Julian,male,1,CO,0.171
Werner,male,1,AT,0.331
Wolfgang,male,1,AT,0.576
Marcel,male,0.99,NL,0.149
Roman,male,0.99,CZ,0.169
Hannes,male,1,AT,0.497
Nora,female,0.99,AR,0.069
Ines,female,0.98,TN,0.18
Stephanie,female,1,US,0.067
Nadine,female,0.99,DE,0.144
Nicole,female,1,DE,0.078
Roland,male,1,AT,0.11
Alexandra,female,0.99,RO,0.113
Marc,male,1,BE,0.153
Wiebke,female,0.96,DE,0.659
Lydia,female,1,KE,0.092
Isabel,female,1,PT,0.172
Josef,male,0.99,CZ,0.443
Richard,male,1,GH,0.073
Kristin,female,1,MQ,0.448
Nina,female,0.99,MQ,0.077
Paul,male,1,GB,0.081
Jonathan,male,1,EC,0.055
Mathias,male,1,DK,0.17
Harald,male,1,AT,0.376
Hannah,female,1,GB,0.135
Ingo,male,1,DE,0.552
Sascha,male,0.97,DE,0.48
Philip,male,1,GH,0.092
Michaela,female,0.99,CZ,0.355
Hanna,female,0.99,FI,0.272
Peggy,female,1,TW,0.113
Nikolaus,male,1,AT,0.622
Helmut,male,1,AT,0.59
Carsten,male,1,DK,0.644
Lena,female,0.99,SE,0.209
Ina,female,0.99,AL,0.094
Annette,female,1,DK,0.234
Uta,female,0.97,DE,0.444
Katja,female,0.99,FI,0.313
Corinna,female,0.99,DE,0.377
Angela,female,1,CO,0.071
Gabriele,male,0.85,IT,0.321
Silke,female,0.99,DE,0.479
Max,male,0.99,UA,0.054
Gesa,female,0.92,DE,0.501
Nathalie,female,0.99,FR,0.174
Antonio,male,1,IT,0.135
Judith,female,1,NL,0.056
Claus,male,0.99,DK,0.757
Reinhard,male,1,AT,0.586
Isabelle,female,0.99,FR,0.22
Moritz,male,1,DE,0.478
Evelyn,female,1,EC,0.079
Sander,male,0.99,NL,0.58
Mareike,female,0.98,DE,0.744
Walter,male,1,AT,0.093
Brigitte,female,1,AT,0.175
Isabella,female,1,AT,0.132
Sibylle,female,0.97,CH,0.425
Johanna,female,0.99,FI,0.213
Gernot,male,1,AT,0.829
Vanessa,female,1,BR,0.058
Svenja,female,0.97,DE,0.72
Andre,male,0.99,PT,0.091
Udo,male,0.99,DE,0.499
Matej,male,1,SI,0.42
Günther,male,1,AT,0.678
Cindy,female,1,BE,0.064
Armin,male,0.99,IR,0.24
Tanja,female,0.99,RS,0.178
Øyvind,male,1,MQ,0.952
Clemens,male,1,AT,0.528
Bastian,male,1,CL,0.394
Manfred,male,1,AT,0.488
Bianca,female,1,RO,0.142
Hubert,male,0.99,PL,0.167
Zoe,female,0.99,GB,0.12
José,male,1,MX,0.106
Caroline,female,1,KE,0.096
Viktoria,female,0.99,UA,0.183
Konstantin,male,1,RU,0.28
Enes,male,0.98,TR,0.445
Hanno,male,0.9,DE,0.186
Annalena,female,0.99,SE,0.499
Ute,female,0.99,DE,0.593
Anette,female,1,DK,0.38
Kai,male,0.93,DE,0.139
Ksenia,female,0.99,RU,0.404
Carina,female,0.99,SE,0.209
Amelie,female,0.99,FR,0.195
Francesco,male,1,IT,0.719
Mike,male,1,US,0.078
Ferdinand,male,1,PH,0.134
Gerrit,male,1,NL,0.565
Matteo,male,1,IT,0.689
Beata,female,0.99,PL,0.609
Jasmin,female,0.96,DE,0.129
Irmlind,female,1,AT,0.301
Aaron,male,1,NZ,0.077
Chiara,female,1,IT,0.63
Volker,male,0.99,DE,0.67
Linda,female,1,SE,0.068
Sina,female,0.7,IR,0.586
Wladimir,male,1,EC,0.235
Tina,female,1,DK,0.134
Antje,female,0.99,DE,0.61
Ursula,female,1,AT,0.174
Walther,male,1,PE,0.184
Waltraud,female,0.96,AT,0.741
Vincenzo,male,1,IT,0.715
Karlheinz,male,0.99,DE,0.447
Andrew,male,1,AU,0.104
Denise,female,1,IE,0.067
Natalia,female,1,PL,0.128
Frauke,female,0.97,DE,0.582
Maret,female,0.95,EW,0.488
Esther,female,1,KE,0.118
Marlene,female,1,PT,0.071
Eva-Maria,female,0.99,AT,0.485
Maike,female,0.9,DE,0.497
Heiko,male,1,DE,0.7
Alena,female,0.99,CZ,0.39
Gerold,male,1,AT,0.505
Luisa,female,1,CO,0.189
Kathrin,female,0.99,DE,0.414
Dietmar,male,1,AT,0.518
Tillmann,male,0.95,DE,0.595
Holger,male,1,DE,0.499
Federico,male,1,AR,0.298
Joshua,male,1,KE,0.086
Alejandro,male,1,MX,0.148
Maxim,male,0.99,RU,0.268
Frederic,male,1,FR,0.232
Severin,male,0.98,CI,0.188
Elke,female,0.99,DE,0.29
John,male,1,IE,0.082
Dietrich,male,0.92,DE,0.361
Tim,male,1,AU,0.092
Jacqueline,female,1,CL,0.065
Martha,female,1,CO,0.185
Laura,female,1,CO,0.066
Melina,female,0.99,AR,0.209
Cora,female,0.99,NL,0.117
Sophie,female,0.99,FR,0.154
Fotis,male,1,GR,0.909
Peer,male,1,DK,0.324
Christof,male,1,AT,0.316
Eveline,female,1,NL,0.157
Marian,female,0.82,RO,0.225
Dario,male,1,AR,0.134
Claes,male,0.96,SE,0.767
Jannik,male,1,DK,0.531
Piotr,male,1,PL,0.834
Gunter,male,1,BE,0.271
Frederike,female,0.95,DE,0.38
J.,female,0.67,CZ,0.421
Swantje,female,0.95,DE,0.721
Janina,female,0.99,DE,0.172
Cristina,female,1,RO,0.18
Gabriel,male,1,AR,0.08
Nanette,female,1,PH,0.165
Ngoc,female,0.66,VN,0.928
Leonard,male,1,KE,0.102
Janis,female,0.91,LV,0.662
Thierry,male,0.99,FR,0.201
Gregor,male,1,SI,0.48
Charlotte,female,1,DK,0.222
Rita,female,1,PT,0.117
Pawel,male,1,PL,0.591
Danah,female,0.99,SA,0.238
Niels-Oliver,unknown,0,SE,0.665
Siegfried,male,1,AT,0.451
Lina,female,0.99,CO,0.154
Mark-Jan,male,1,NL,0.876
Swati,female,1,IN,0.61
Alois,male,0.96,AT,0.417
Cathleen,female,1,US,0.119
Fritz,male,0.99,AT,0.268
Mieke,female,1,BE,0.457
Leif,male,1,SE,0.318
Marten,male,1,NL,0.369
Cordula,female,0.99,DE,0.497
Kay-Michael,male,1,DE,0.35
Daniela,female,1,CL,0.095
Vincent,male,1,FR,0.086
Annelen,female,0.89,SE,0.38
Keli,female,0.96,AL,0.221
Celia,female,1,PT,0.082
Bärbel,female,1,DE,0.696
Ulrich,male,1,DE,0.233
Adelheid,female,0.99,AT,0.378
Bryan,male,1,EC,0.112
Roxana,female,1,RO,0.28
Maik,male,0.99,DE,0.504
Giuseppe,male,1,IT,0.705
Jens-Martin,male,1,DK,0.342
Bartosz,male,1,PL,0.856
Gerlinde,female,0.97,AT,0.69
Rabea,female,0.72,IL,0.131
Albin,male,0.99,SE,0.222
Sviatoslav,male,0.99,UA,0.762
Hubertus,male,1,DE,0.459
Benedikt,male,1,DE,0.378
Gertraud,female,0.97,AT,0.849
Marina,female,0.99,RS,0.08
Francisco,male,1,CL,0.122
Claus-Michael,male,1,DE,0.752
Henrike,female,0.82,DE,0.418
Germaine,female,0.93,CM,0.159
Sanja,female,0.98,RS,0.445
Henny,female,0.73,NL,0.405
Yury,male,0.83,RU,0.241
Valentin,male,1,RO,0.197
Regina,female,1,BR,0.068
Berthold,male,1,DE,0.384
Jakub,male,1,CZ,0.424
Eric,male,1,GH,0.083
Catherine,female,1,IE,0.082
Erhard,male,1,AT,0.323
Pim,male,0.65,NL,0.501
Geert,male,0.99,BE,0.634
Constanze,female,0.97,DE,0.504
Rüdiger,male,0.99,DE,0.706
Marius,male,1,RO,0.362
Heinz-Günter,male,1,DE,0.994
Ubbo,male,0.93,NL,0.646
Zakharia,female,0.79,ID,0.479
Daniele,male,0.95,IT,0.557
Simeon,male,1,BG,0.282
Wiltrud,female,0.95,AT,0.362
Canan,female,0.95,TR,0.687
Dorothee,female,0.99,DE,0.258
Jan-Erik,male,0.99,SE,0.38
Desislava,female,0.98,BG,0.935
Noah,male,0.99,KE,0.086
Friedemann,male,0.98,DE,0.607
Eliane,female,1,BR,0.281
Enrico,male,1,IT,0.444
Katalin,female,0.99,HU,0.872
Xiaozhou,male,0.75,CN,0.419
Samira,female,0.99,IR,0.2
Eckhart,male,0.95,DE,0.302
Elisa,female,1,IT,0.193
Nikolai,male,1,BG,0.319
Rolf,male,1,MQ,0.254
Almut,female,0.88,DE,0.451
Lino,male,0.99,IT,0.125
Tolga,male,0.98,TR,0.738
Marjam,female,0.98,NL,0.215
Edin,male,0.99,BA,0.519
Cord,male,1,DE,0.395
Klaus-Peter,male,0.99,DE,0.702
Saskia,female,0.99,NL,0.381
Toni,female,0.65,FI,0.174
Estelle,female,0.99,CI,0.227
Heiner,male,1,CR,0.349
Vivien,female,0.89,HU,0.279
Bill,male,1,US,0.149
Melissa,female,1,US,0.073
Ralph,male,1,PH,0.113
Lou,female,0.65,FR,0.091
Theresia,female,1,ID,0.27
Heidemarie,female,0.99,AT,0.674
Gaye,female,0.96,SN,0.288
Iacopo,male,0.99,IT,0.735
Adriana,female,1,CO,0.113
Jessica,female,1,US,0.048
Beate,female,0.99,MQ,0.303
Dankmar,male,1,DE,0.67
Fouad,male,0.99,MA,0.256
Bertram,male,1,AT,0.158
Rachel,female,1,NZ,0.077
Nikolas,male,1,GR,0.392
Frithjof,male,0.99,MQ,0.558
Kerzel,female,1,DE,0.643
Mirjam,female,0.98,NL,0.412
Dorothea,female,1,DE,0.237
Irina,female,0.99,RU,0.19
Sabina,female,0.99,AZ,0.143
Pielström,unknown,0,unknown,1
Erwin,male,1,NL,0.135
Emanuel,male,1,AR,0.112
Hartmut,male,1,DE,0.677
Guido,male,1,BE,0.101
Dieter,male,1,DE,0.336
Jennifer,female,1,US,0.087
Ghislain,male,0.99,CM,0.23
Carine,female,0.99,BE,0.203
Marilena,female,1,GR,0.28
Pietro,male,1,IT,0.592
Jasminko,male,1,BA,0.473
Javier,male,1,ES,0.148
Nikolaos,male,1,GR,0.887
Günter,male,1,AT,0.582
Joan,female,0.91,ES,0.088
Daniël,male,1,NL,0.657
Wei,male,0.73,SQ,0.258
Dustin,male,1,US,0.255
Nic,male,0.92,NZ,0.104
Emmerich,male,0.99,AT,0.691
Bernadette,female,1,IE,0.112
Giles,male,1,GB,0.238
Veerle,female,0.99,BE,0.87
René,male,0.99,NL,0.153
Elise,female,0.99,FR,0.108
Valentina,female,1,IT,0.158
Rebecca,female,1,AU,0.092
Arámis,unknown,0,unknown,1
Ann-Sophie,female,0.98,BE,0.37
Alessandro,male,1,IT,0.596
Meinard,male,0.97,PH,0.448
Gunnar,male,1,MQ,0.38
Jason,male,1,AU,0.075
Una,female,0.98,IE,0.304
Yuliya,female,1,UA,0.33
Nicolas,male,1,FR,0.153
Oona,female,0.99,FI,0.849
Viola,female,0.99,IT,0.166
Pascal,male,0.99,FR,0.152
Nadia,female,0.99,MA,0.092
Timos,male,0.98,GR,0.786
Birgit,female,0.99,AT,0.317
Sabrina,female,0.99,DE,0.087
Corina,female,0.99,RO,0.406
Kai-Christian,male,1,DE,0.452
Susanna,female,0.99,FI,0.408
Heimo,male,1,AT,0.609
Hege,female,0.92,MQ,0.892
Glen,male,0.95,NZ,0.128
Gerald,male,1,AT,0.186
Sylwia,female,0.99,PL,0.837
Tino,male,0.99,DE,0.103
Nils-Oliver,male,1,DE,1
Herold,male,0.99,HT,0.213
Lüngen,unknown,0,unknown,1
Storrer,female,0.5,CH,0.896
Luise,female,0.92,DE,0.236
Erik-Lân,unknown,0,unknown,1
Pauline,female,0.99,FR,0.103
Frunzeanu,female,1,RO,1
Gilbert,male,1,KE,0.09
Romedius,unknown,0,AT,0.943
Raphael,male,1,CH,0.079
Jutta,female,0.99,DE,0.344
Dorian,male,0.97,AL,0.107
Guiseppe,male,0.99,BE,0.151
Tibor,male,1,HU,0.641
Adrien,male,0.98,FR,0.292
Cagri,male,0.95,TR,0.45
Gerik,male,1,BY,0.119
Artemis,female,0.74,GR,0.608
Catrin,female,0.99,SE,0.487
Achim,male,0.97,DE,0.574
Dariya,female,0.99,UA,0.319
Bianka,female,0.99,HU,0.385
Claas,male,0.99,DE,0.581
Sophia,female,1,GR,0.08
Gary,male,1,GB,0.108
Mennatallah,female,0.83,EG,0.878
Nicola,male,0.83,IT,0.252
Ariane,female,1,BR,0.128
Benno,male,1,CH,0.242
Hanna-Lena,female,1,DE,0.716
Hanjo,male,0.96,KR,0.272
Alexa,female,0.99,RO,0.112
Sugih,male,1,ID,0.941
Oskar,male,1,SE,0.272
Immanuel,male,1,NA,0.2
Guenther,male,1,AT,0.651
Arne,male,1,MQ,0.508
Tara,female,1,IE,0.158
Cosima,female,0.99,DE,0.291
Berenike,female,0.98,DE,0.203
Timm,male,1,DE,0.474
Alexandre,male,0.99,BR,0.181
Adams,male,0.98,GH,0.195
Marie-Claire,female,1,BE,0.195
Norbert,male,1,HU,0.312
Guenter,male,1,AT,0.542
Frieder,male,0.99,DE,0.699
Kollatz,unknown,0,US,1
Alicia,female,1,AR,0.109
Lambert,male,0.97,CI,0.1
Armand,male,0.99,CM,0.19
Frédéric,male,1,FR,0.261
Friederike,female,0.96,DE,0.502
Laurent,male,0.99,FR,0.269
Katia,female,0.99,IT,0.089
Natali,female,0.99,UA,0.262
Albert,male,1,GH,0.079
Rainer,male,0.99,DE,0.365
Gyburg,unknown,0,unknown,1
Eike,male,0.88,DE,0.605
Hagen,male,0.97,DE,0.436
Mihael,male,0.99,HR,0.423
Ronan,male,1,IE,0.656
Christian,male,1
Mihael,male,0.99
Ronan,male,1
Volkhard,male,1
Darjush,male,1
Iryna,female,1
Doris,female,1
Urs,male,0.95
Ingrid,female,1
Lennart,male,1
Pelle,male,0.96
Karin,female,0.99
Patricia,female,1
Paweł,male,1
Seyavash,male,1
Gioele,male,0.97
Pedro,male,1
Colin,male,1
Lucie,female,0.99
Monika,female,0.99
Hasmik,female,0.99
Jesse,male,0.99
Anastasija,female,0.99
Veronika,female,0.99
Svetlana,female,1
Tatyana,female,1
German,male,1
Evgenia,female,0.99
Greta,female,1
Juan,male,1
Artur,male,1
Matthew,male,1
Lela,female,0.99
Tamara,female,1
Evgeny,male,0.99
Adamantios,male,1
Sybille,female,0.99
Börge,male,1
Massimo,male,1
Valmir,male,0.98
Pablo,male,1
Clara,female,0.99
Ágoston,male,1
Karl,male,1
Ramon,male,1
Henry,male,1
Ludwig,male,1
C.,female,1
Wolfram,male,1
Milos,male,1
Carole,female,0.99
Toma,male,0.75
Tamas,male,0.98
Svetla,female,0.99
Rute,female,0.97
Ilan,male,0.82
Monica,female,1
Bolette,female,0.94
Jelena,female,0.99
Jordi,male,0.99
Leonie,female,0.99
Fechner,female,0.5
Marie-Luis,female,0.95
Sofia,female,0.99
Scholger,unknown,0
Chanjong,male,1
Jan-Oliver,male,1
Josip,male,1
Dana,female,0.94
Karolina,female,0.99
Schmidt,male,0.57
Weimer,male,0.78
Puppe,female,0.85
Jane,female,1
Loïc,male,1
Fethi,male,0.98
Leyla,female,0.99
Magdalena,female,0.99
Krüger,unknown,0
Sökefeld,unknown,0
Tracy,female,0.94
Lea,female,0.99
Annika,female,0.99
Farah,female,0.98
Ulla,female,0.99
Teodora,female,1
Wahed,male,0.96
Blerta,female,0.99
Selina,female,0.99
Geumbi,female,1
Deniz,male,0.6
Randa,female,0.99
Roberta,female,1
Florin,male,1
Simmler,unknown,0
Vitt,male,0.85
Manuela,female,0.99
Tariq,male,1
Karsten,male,1
Chris,male,0.92
Sergey,male,1
Christina,female,1
Donata,female,0.99
Irene,female,1
Burkhard,male,0.99
Hussein,male,1
Anneli,female,1
Ramona,female,0.99
Antonia,female,0.98
Jakob,male,1
Robin,male,0.76
Anna-Marie,female,1
Maximiliane,female,0.94
Nasrin,female,1
Britt-Marie,female,0.99
Osman,male,0.98
Linus,male,1
Mona,female,0.99
Heinz,male,1
Nico,male,0.97
Schulte,male,0.71
Carolina,female,1
Helene,female,0.99
Hendrik,male,1
Louisa,female,1
Ludovic,male,1
Camille,female,0.97
Clement,male,0.99
Lou-Ann,female,0.99
Adrian,male,0.99
Astrid,female,1
Bruno,male,1
Corentin,male,1
Rostislav,male,0.99
Alina,female,0.99
Tessa,female,1
Eder,male,1
Christoforaki,unknown,0
Bermeitinger,unknown,0
Raffaele,male,1
Birk,male,0.99
Grund,male,0.86
Drewes,male,0.83
Ernesto,male,1
Francesca,female,1
Aravind,male,1
Anna-Maria,female,0.99
Tinghui,male,1
Alan,male,1
Ruslan,male,1
Katarzyna,female,0.99
Arnošt,male,1
Sajawel,unknown,0
Misbahur,unknown,0
Carl,male,1
Ömer,male,1
Alkyoni,female,1
Georgios,male,1
Mia,female,0.99
Irmgard,female,0.99
Michał,male,1
Maud,female,0.99
Thijs,male,1
Jessie,female,0.81
Alireza,male,1
Yim,female,0.54
Laure,female,0.99
Edward,male,1
Dîlan,unknown,0
Anastasia,female,0.99
Antonina,female,0.99
Silvia,female,1
Thora,female,0.99
Fabienne,female,0.99
Rebekka,female,0.99
Giulia,female,0.99
Mareen,female,0.98
Michelle,female,1
Joëlle,female,0.99
Josephine,female,1
Sara,female,0.99
Janna,female,0.99
Kristof,male,1
Holden,male,1
Aenne,female,0.93
Merten,male,0.97
Kilian,male,0.99
Anna-Lena,female,0.98
Cornelia,female,0.99
Chiao-I,female,1
Axelle,female,0.99
Holle,female,0.81
Mónika,female,0.98
Elias,male,1
Ronja,female,0.98
Iris,female,0.99
Kianoosh,male,0.87
Arash,male,1
Alberto,male,1
Chagai,male,1
Shaul,male,1
Josefine,female,0.99
Magnus,male,1
Zoltan,male,1
Jesper,male,1
Panoria,female,1
Emilia,female,0.99
Margarete,female,1
Lozana,female,1
Jasper,male,1
Gerben,male,1
